formula,target,prediction
SiO2,5.9287,5.2596254
H2S,4.2605,3.8138196
BaMnF4,2.3195,3.2407968
Mg3AlFe(SiO4)3,2.451,3.198066
Al(HO)3,5.8109,4.9895053
TcF4,1.3061,2.270789
Ba2P6O17,5.4647,5.2658544
Rb2MnOF5,0.0,2.1195414
Tl2PtCl6,1.7374,1.4573547
As4(Pb3S5)3,1.5756,2.012095
Cs2PH5O6,4.6676,4.850853
Fe2OF3,0.1792,1.6138649
K2MgV2O7,3.662,2.365741
Ta2MnRe,0.0,0.040436402
PrH20S4N5O16,5.2903,4.9424663
Na2Mg3Cl8,5.0956,4.814911
MnH11C5NO6,2.9274,2.9990146
Li5Ni2(PO4)3,4.0549,3.6765013
Al2Fe2Bi2O9,2.32,1.6192362
Na5Hf2F13,6.6637,6.830404
CaLaO3,0.0,3.4045308
Be(GaO2)2,2.7475,3.2709239
CoPH6NO5,2.9102,2.6937819
KHgI3,1.7116,1.2841778
Na4Mg(BiO3)2,2.4739,1.9881806
BeSO4,6.9502,5.9533606
Y4Te3N2,1.1482,0.14773524
TiAlO3,0.0,1.8563604
TlInS2,1.2909,1.4595308
LiFe(Si2O5)2,3.3411,2.8069937
KSO2F,4.1568,5.119573
Li2CoO3,0.1603,0.20576869
Ba3MnNb2O9,1.7738,2.727763
ErCo3B2,0.0,-0.31287718
Bi6Br7,1.4458,2.3824775
Mn2Bi2O5,1.4025,0.78810346
CsTmP4(H2O3)6,5.6063,4.90538
K2TaF7,5.6081,5.4270244
RbLi7(SiO4)2,4.8727,4.4036317
Pr2Si2O7,5.3706,4.6491494
Au,0.0,-0.26305693
Si8C3,0.0,0.72949696
Hg3(PS4)2,1.6086,1.3708587
Ba3TiAl10O20,3.2524,3.2723553
BaLi(BS2)3,2.8597,2.5378478
Mg3V6(FeO6)4,2.2325,1.8440738
NbV3O8,1.1529,0.9568191
RbGa2P2H5O11,4.3057,4.255531
Li2Ni4OF8,3.3502,3.7005131
Li3SbO3,2.9787,3.3765085
YAlO3,4.3247,4.0852942
Al(WF5)3,3.1318,3.7938566
SiO2,5.863,5.2596254
Pr2BC,0.0,-0.08219962
Li3SNO3,4.9652,3.9319782
Zr3Ti2Ga3,0.0,0.0032585114
SiO2,5.6892,5.2596254
TiFe2O5,1.9741,1.2038536
K2MnH4(Cl2O)2,3.6477,2.4291613
Cs2B12H2OF12,2.7322,4.334951
CsIn(PO3)4,4.3152,4.3173127
KPH2SO3,4.5259,4.697018
LiLu2Tc,0.0,0.11004858
SnH8(NF3)2,5.1263,4.739291
CsSb2F11,4.5025,3.2017772
LiCoOF2,1.1833,1.4302173
Na2Ca17Al12O36,3.7955,3.4087477
Li4Ti2Co3Ni3O16,0.0,1.0252947
SiH6(NF3)2,7.1293,6.162327
RbTiCu3Se4,1.5854,0.98848945
BaLu2F8,7.3128,6.630609
WOF3,0.0,3.5153062
SiCCl3,3.4239,3.8760545
Na2PHO4,4.7491,4.0465865
Rb3B2P3H2O13,5.2981,5.3915925
GaAg(PSe3)2,1.7135,1.6430061
Mn4SnN4,0.0,0.047881648
Sr2B5ClO9,5.3364,5.1175213
TlN2Cl5O,1.4672,1.6418991
PS,2.4974,3.0289307
SeBr3,0.0,2.0734727
YH3(SO4)3,5.3734,5.88261
K5H3S4N2O15,4.0049,4.766602
WO2F,1.6465,2.37437
BaSm2O4,3.1846,2.5216272
Na3ScF6,6.8442,5.430962
CsSb3F16,3.9634,3.1798215
Fe3Sb5(IO3)3,2.5007,2.0586128
Mo2Se3S,0.538,0.7501694
Na2BeSiO4,4.5475,4.2853947
Li3Nb(FeO2)4,1.9741,1.9111929
GdH18(IO3)3,2.0874,3.723904
RbTiBr3,0.0,1.7562633
BaSrPrSbO6,3.4907,3.558774
MgH8C3(NO3)2,5.4539,4.800594
Li3MnFe3O8,1.5527,0.75211775
MoPb5O8,2.5574,1.5333209
La2Zn(SeO)2,2.4958,1.5633986
BH6N,6.0173,5.626943
Ca3Al2(SiO4)3,5.1373,4.5859737
NaAl11O17,4.491,4.284977
CoNiTe4,0.0,0.026141137
Li3Ti4MnO12,0.0,1.7686946
Ba4NbFeO8,2.7302,2.4614527
Na2Mn2Fe(PO4)3,1.1065,1.9955959
K2Ca2(SO4)3,5.4278,5.4561677
Pr4B4O11F2,5.06,5.017797
LiTb(PO3)4,6.0116,5.535666
CaZn(CO3)2,3.9421,3.7671812
Y2Ti2O7,2.5848,2.1259077
KBaVO4,3.9819,3.3425996
AlH4NF4,6.8114,6.6255307
Ba3SnO,0.0,0.12297654
MnH7C3NO7,3.4942,3.076285
RbNbTeO6,2.2745,2.3711846
KAuCl4,1.4211,1.2957298
K5H3(S2O9)2,4.3585,5.2158484
V2MoO8,1.4089,1.2735656
Cs2InAgF6,2.1888,2.4734037
SrGa3Pd,0.0,0.08153762
Tm4(B2O5)3,5.7326,4.657324
Na7Ti11O24,0.0,2.4149272
K2Zr(SiO3)3,4.813,4.648266
ScBiO3,2.6784,2.5090063
KAsOF4,3.7394,3.804948
Li3PF6,3.6969,7.8601804
Mg3(BO3)2,5.143,4.461163
BaSrTbSbO6,3.501,2.8371673
Li4NbFe(WO6)2,2.2991,1.9180071
SrLiAlF6,7.3233,7.3135056
C2S(NCl)3,3.1886,4.0427628
YH5(SeO4)2,4.4317,4.4996085
Mo3S7Cl4,1.6862,1.092645
K2MnH2OF5,1.3385,3.3362107
Sr(ZnAs)2,0.254,0.34760535
Nd2Se3,1.4781,1.1525998
HgPPt5,0.0,0.034806803
Cs2NaUBr6,0.1882,0.10698782
Li4V2Fe3O10,0.8106,1.6351688
MgZn2(PO4)2,3.964,4.3123574
SnPbF4,3.3352,2.6416175
Ge7PbN10,2.6204,2.14282
InH12S2NO12,3.9275,4.134955
Sm2TiMnO6,1.6792,1.4208568
NaPO3,4.8428,4.1347523
ZrB2O5,3.7962,3.4835567
Dy10Ti6O27,2.597,1.640208
SrGaGeH,0.2958,1.015769
Li2MnBr4,1.639,1.9578782
Ho3Sb5O12,3.1437,2.1039267
KNdHf2O6,2.7817,3.78338
CaCoGeO4,2.0128,1.5054476
ZnCu5P2O15,0.0188,0.054361552
CS2NF5,2.9355,2.9957917
TbHSO5,5.5302,5.6901326
Lu4Al2O9,4.1431,4.602654
Li2MnP2O7,4.269,3.4845595
CsMg14SbO16,1.965,3.1150749
BiF3,5.0744,3.6132395
Na4Mg(WO4)2,1.5463,2.7505224
Tl2SeO4,2.4514,3.065925
SrPrAl3O7,4.2972,4.023409
K3SrPCO7,4.3094,4.2652
K2SO4,4.926395006,4.6708875
Er4In5S13,0.0,1.5612125
Ba6Nd2Fe4O15,2.3557,1.7850056
Pr3(ZnAs3)2,0.0,0.014230594
KMnVO4,2.5794,2.055745
Ca2BiSbO6,1.7213,1.4118098
U2MoO8,0.0199,0.83416635
Zn3(PO4)2,3.4214,3.0492563
NaScCl4,3.8115,4.072524
C3N4,5.0405,2.1595163
NaP3H24(N2O7)2,4.8519,4.9774804
Li2UO4,2.0439,1.4827597
H8N2O,4.0142,4.388924
AlCo(WO4)2,0.0,1.423317
Na2VBPO7,1.4714,2.180114
Ge2SeN2,1.6955,1.3957692
LaMg14BO16,2.3272,3.766393
K2PrBr5,4.0688,3.964142
Rb2S5,1.9539,2.4320028
Sr4MgMn2(GaO5)2,0.0,1.3543731
Li3MnFe2(BO3)3,2.9186,2.4520023
RbSc3F10,5.5636,5.6630464
Sr2B2O5,4.283,4.413477
Na2MoH2O3F4,3.6541,3.00551
Dy11Y5O24,3.9632,3.7356436
MgAl2O4,4.2773,4.6650305
Pr(MoO2)6,0.0,1.4477117
KLi6TaO6,4.3852,4.253276
CaB12(H3O)8,1.1297,4.3052144
Li2MnSiO4,2.9566,2.3556015
Li2NiF4,5.1236,4.272726
Ba2YBr7,3.8664,3.8359272
Dy2TeO6,3.0066,1.3029497
Rb3Nb,0.0,1.3575144
KH3F4,7.3743,7.2283907
Mg(SiO2)6,4.8921,3.790292
MgH12SO9,4.9641,5.144263
Mg2Ta2TiO8,0.0372,2.7260025
KLiSi2O5,4.7068,4.6874833
Ca3MnF6,0.0,4.6392026
AlHSO5,5.6906,5.882275
AlH6N2F3,5.8135,5.8465695
Ba5Re3ClO15,2.5265,2.2640111
Y20Cu6(Pb3Se14)3,1.3074,1.2656071
TcAs3,0.0,-0.06989595
Li2Mn3(P2O7)2,3.9326,3.052813
K2Mg(CoO2)2,1.3798,0.75466883
LiMgH14Cl3O7,5.3806,4.8254313
Mg3Co3(AsO4)4,2.0683,1.7055144
Na8SnO6,1.7356,2.2322469
TbCu(MoO4)2,1.9354,0.9964868
H4IN,3.6458,3.1718028
Mo3WSe8,1.2484,0.57193387
Li3Ti(PO4)2,0.1524,2.658503
NaYMg30O32,4.225,3.0491812
Na5Nb3Si6SnO24,2.849,2.3216102
Li2In2SiS6,2.428,2.3603384
KClO3,5.5725,5.2337766
C2SeS2O7F6,7.103,4.790341
Sm2NiRu,0.0,-0.029271528
Be2PH5O7,5.2189,5.662894
Na10Hf5Zn3(PO4)12,4.1445,4.046103
CdSn2H12(OF)6,4.0588,3.71983
MgTi2(SiO4)2,0.0,2.055958
LiSb(PO3)4,4.2302,3.8746789
Li4SiO4,5.0523,4.591015
NiB6(H8O9)2,4.9323,5.069679
LaBO3,4.0022,4.131276
LaCe3,0.0,-0.019391432
Ba2YW3O8,0.0,0.49964684
ReH6CN3O4,3.653,2.8647866
Y2(SO4)3,5.6993,5.9915695
CdS2O7,4.2148,3.8539884
KFeSO4F,3.925,3.0532553
BaY2Si3O10,4.8161,4.2882056
La3Mg2TaO9,3.6583,3.5417626
KInS2,2.0145,2.320541
BaSi(S2O7)3,5.2901,5.159581
Mg6FeBO8,1.0567,2.9367754
Sm5Si3O13,0.0,4.200772
KNa2(PO3)3,5.0585,5.093929
Mg30VFeO32,1.1839,1.8235224
KLaMg14O16,4.1396,4.486769
H9CN9,2.0452,3.4154708
BaSrLa4O8,3.1952,3.2352824
NaLiCl2,5.4078,5.7385306
H2O,5.5882,5.250562
Al3CrO6,3.8929,2.217055
PrF3,7.5968,5.403233
K2Mn3V2(HO5)2,1.9596,2.1337729
Ta3NO6,2.1157,2.7170799
KPF6,7.2209,6.6876044
Li3V4O8,1.0954,0.91524565
Al3(Ni10B3)2,0.0,-0.06788717
LiGa(H2N)4,3.1636,3.1077971
Li2FeF4,3.7143,3.2911506
TaCl4F,3.0944,2.906451
SrMgCuO2,0.0,0.8325045
TlPF6,6.3698,4.2013664
SrEuTe2,0.0,0.13193955
Si2MoO6,2.3237,2.3790567
KTh2(PO4)3,4.599,3.5682945
Al2Te2Cl7,1.4498,3.212443
Li3MnP2HO8,4.3354,3.6606414
HBr,5.3367,3.580566
KNd(SO4)2,5.4101,5.294264
RbHS2O7,5.2556,5.4731317
Na3YAl(PO4)3,4.6344,4.861357
TmAlCo,0.0,0.051562876
KCN,5.0567,5.4491305
K3La(PS4)2,2.4781,2.3543003
Sr5Fe5O14,0.0,0.6253841
Sb2H20(Cl4O3)3,1.7417,2.9606884
Rb2Mg(FeS2)2,0.027,0.24712488
H9BrO4,4.9935,4.2673883
NaIO3,3.6962,3.1642692
Ba8LiNb7O24,0.0,2.396089
CsCu(BiS2)2,0.6051,1.0255511
TiP2O7,2.4127,1.9229383
H5C2(NO)3,3.162,3.8821356
La2Ti2SiO9,2.6015,2.3730378
Li2VP2O7,2.1589,2.147157
K2P3H5O11,5.1247,5.310478
Cs2MgP4(HO2)8,5.3758,5.008668
LiVPO4,2.7773,1.733642
Sm3B13O29,0.0171,4.974694
Li2Mn3F8,3.5122,3.1739647
Ca(AlH4)2,3.2932,3.6107633
Li3MnV(PO4)3,0.0,1.6136354
La2MgSnO6,4.0035,3.0375886
NaBi(MoO4)2,2.8545,3.2541945
Nd4Mg(RhO3)4,0.2298,0.4908501
Sr3(BS3)2,2.3176,2.4548538
H7CSN3O4,5.6025,4.7765975
Cs3Sc2Cl9,3.9353,3.8399098
LiVMoO6,2.7403,1.6645684
NdP3(HO2)6,5.2016,5.190476
Cs8In2O7,1.8541,1.952109
Dy2B4O9,5.6245,5.501535
Na2Si(H3O2)6,4.8073,4.7744284
Mg2H6Os,3.3481,3.8651495
Y3Si2ClO8,4.7028,4.7650914
LiHO,4.0057,4.289018
SiH8(CI)4,3.3496,3.1148493
TbZrF7,5.9384,6.2434583
SiO2,5.8413,5.2596254
Y2U3S5O3,0.0,0.054107063
Ba6Dy2Ga4O15,3.5896,3.6199005
Na2Al2(GeO4)3,0.3189,2.9270957
Al2H16S3O20,5.574,5.5660586
K3HS3O11,5.1696,5.3457146
CaCO3,4.2755,5.264134
SrMoO4,3.8445,3.1639488
H2CO,6.4213,5.4456897
Cs2NaAl(PO4)2,4.6043,4.679914
NaCaY(SO4)3,5.1953,4.8478675
NaHCO2,4.9349,3.685135
InH10N2Cl5O,3.5906,2.151951
ErF3,7.6163,6.101106
TeF6,4.4352,4.6628313
Co3P,0.0,0.2319436
CaBiIO2,1.553,1.0969379
PH18N3O7,4.6762,5.014916
Mg3Sn,0.0,0.055353567
K2H5F7,7.3004,7.218785
SmErO3,4.8916,3.2455387
Be4TeO7,1.2807,2.1457717
Ni(HO)2,1.8928,1.9445686
Na2LiYF6,5.4375,6.7002945
Na6ZnS4,2.1581,2.0590253
GeBr2,2.597,1.4207766
Sm2Ni7,0.0,-0.048604697
Mg(H2N)2,3.0143,3.434347
Cd(BrO4)2,0.3246,2.1876404
Rb4WS3O14,3.3741,3.8451476
Sn2PCO6,2.305,2.9668667
AlF3,5.6276,7.3896017
SbS(BrF2)3,2.6548,1.8422985
Ho2In3Cu,0.0,0.098756865
LiH2CN5,4.2014,3.1051943
SrTlVO4,3.2379,3.1881406
VSn2,0.0,-0.012861475
Sr2LaMn2O7,0.5708,-0.1117001
Li3ScN2,2.4014,2.3712294
KLiTe,2.4134,1.2181852
LiMgIn2,0.0909,0.0641626
NdAl3Pd2,0.0,0.0120129585
Na2ZnP2O7,4.2349,4.095559
Ga2NiO4,1.651,0.68698555
RbDyS2,2.3216,2.0244884
Ba2Ca(PdO2)3,1.4866,0.41172475
K2RbInF6,5.1078,4.9516053
Li2P5WO15,4.1699,4.1137047
SmPS,0.4464,0.91970354
K3NaP4(H2O7)2,5.2931,5.074969
Ba2CaWN4,1.8491,1.0980028
ZnSiN2,3.1944,1.3061558
KAlBr4,4.2144,4.00123
Na3Pb2S3ClO12,4.2515,3.9027278
Li6B4O9,4.5889,5.65466
Ba3Y2F12,7.1869,6.6039786
Cs6Cl4O,1.9928,2.718762
Zr2VCo3,0.0,0.015856326
CaMg(CO3)2,4.8063,4.9254785
CaNi(PO3)4,4.6204,4.5495133
Na2YHC2O7,4.7079,4.1655755
Cs2AuI,3.1726,1.6110661
LiGd(C2O5)2,1.1393,2.6059368
NaNdO2,3.3353,3.434912
Nb9AsO25,2.2043,2.2775373
NaNd(SO4)2,5.5386,5.3916163
LiLuO2,4.6174,4.7355413
CsBe2BO3F2,5.8834,5.4323487
Li4Co(BO3)2,3.0154,2.3026586
Nd2Mn2CuSi3,0.0,0.024163678
Fe4Te3S,0.0,-0.024484068
KNiPO4,3.2721,3.6458848
SrCaB11H7O22,5.8782,4.7020564
SbPO4,3.342,2.0807025
CsLuP2O7,5.2702,5.2267423
BaSrLuBiO6,1.7288,1.6583452
NaMo2P3O13,2.2668,2.2164009
Cs2RbAlF6,8.3194,6.551919
RbCuC2,1.9542,2.4826143
TiO2,2.0744,2.0516186
VP2H4O9,2.6685,1.4150441
CsLaMg14O16,1.6352,4.0563617
Co5P4H12(O8F)2,2.0431,2.9216316
BH3NF4,7.5583,7.4601464
KCaCeNbO6,2.1093,2.143604
MgH2(CO2)2,4.8938,4.2498455
Mn3Sn2,0.0,-0.025440767
Rb3AlBr6,3.3543,3.6814725
Ca3Tl,0.0,0.06636067
BaLi2P2O7,5.3686,5.4709873
TbSmHg2,0.0,-0.004303232
KMg2As2H31O23,4.415,3.8433266
ZrCrO4,0.0,3.3758833
Na2BeSiO4,3.1739,4.2853947
MgTi3Pb5WO15,1.6853,1.9011294
NaY(SiO3)2,5.0425,4.3095245
RbV(IO4)2,2.7622,0.8943305
K3AlF6,6.431,6.094707
AgNO2,1.7868,1.2699234
Li4P5HO15,5.9352,5.5234923
K3Na(SeO4)2,3.5721,3.1374285
LiFeF4,4.2464,3.4657857
TbCuS2,1.1832,1.808541
LiTi2VO6,1.825,0.9847002
K2ReH9,5.213,4.5699983
CaAlBO4,4.6961,4.575645
LiMnP2H5O9,3.4465,3.7091947
Si6Cl10O7,5.6325,5.9517994
VZnNiP2O9,1.9474,1.7641222
NdTe2,0.0,0.20682907
LiTiCoF6,0.0029,2.0520823
Na3B3H2O7,4.7335,4.2202067
Sr2BIN2,2.5326,2.3268797
Ti(AlBr4)2,0.0,1.6815242
BaSnH16O11,3.6936,4.1120296
LiTcH6O7,3.4434,1.7757331
K2Hg(CN)4,5.8512,5.4911084
Ta2O5,2.5913,2.1231866
Na3La(AsO4)2,3.6521,3.1377037
ZrSn,0.0,0.13234536
NaAlI4,3.5536,2.3788168
LiSbP2O7,3.4338,3.1815233
Li2Fe(WO4)2,3.35,1.8174415
K2SrCl4,4.7457,5.299866
CsBa3,0.0,0.014176093
BaYCl5,4.5566,5.0456653
Y3CuGeSe7,1.118,1.1510118
TiMnO3,1.3274,0.35994178
Dy5Bi11O24,2.6642,1.5312891
Li2BeSiO4,6.0565,5.305739
Li2VF4,2.9512,2.381933
K3DyF6,5.9154,5.9207835
Cs2Na3InO4,2.4286,2.5311573
CdHClO,2.4655,2.756204
Ba2Na2O3,2.1748,1.9790893
GaBr3,3.3559,2.4092696
RbTlCl3,1.1539,3.4874222
RbMg6GaO8,2.0433,4.459953
B3H4,2.3449,3.8035493
K2O,1.8534,1.5764208
SnGeO3,2.5994,2.0416467
C9F5,1.501,2.3465092
Cu2Se,0.0,0.6312939
FeH4C3O8,1.0787,2.0993567
ZrSi2,0.0,0.064776495
Na3GaSn3(PO4)6,2.846,2.5327897
Rb2GeF6,5.9753,5.34402
Fe2(SeO4)3,2.2467,0.8844055
CaH24C6(BrO3)2,4.6551,4.2052217
ScH4NF4,6.0073,6.2545958
KH3(SeO3)2,4.6041,4.289257
SrV4(Bi3O10)2,2.892,2.4169784
Rb2Al2Sb2O7,3.5936,2.88738
As(CN)3,4.4542,4.141402
HgHNO4,1.5664,2.2639363
Mg3Te2Pb6WO18,2.56,2.484585
CsPr2Cl7,4.3786,4.4496703
Na3VP8O23,2.4538,3.521986
Al2(ZnS2)3,2.7522,2.1768954
WN2,0.6628,1.0004957
KSrZrBiO6,1.0927,2.5868218
K4Ta2S11,1.7378,2.2012196
LiAlH4,3.9307,4.0184402
TiAlNi2,0.0,-0.032367602
Ho4(B2O5)3,5.5787,4.668633
Mg4P6SN12,4.8305,3.6068752
Zn2RhAu,0.0,0.09752253
HgCS(OF)3,3.3625,1.9777933
LiMg14BiO16,4.267,4.0507917
TmBi2BrO4,1.3602,1.4895303
Ca5Zr3F22,5.3031,5.100714
SrBi2(B2O5)2,3.6402,1.8896445
Mg30ZnFeO32,3.2203,2.926037
ErOF,5.1794,4.7432704
Zr(MoO4)2,2.942,2.7110975
CsLi2Cl3,5.326,5.0272546
K2Th(AsO4)2,3.8901,3.31905
DySCl,2.7618,2.3379083
Na2HgAsBr6,0.0,0.04152926
Ca2MnWO6,2.5151,2.10072
Cs2ZrCl6,3.6531,3.0817747
Be3H42N13(ClO)3,4.2986,4.4240026
Ba2MnNiClF7,2.5225,3.239631
Sr3Zn3Te(PO7)2,2.9354,3.0689638
Be3Si3(SnO6)2,1.4879,3.572496
Cs2YCuF6,1.4267,1.7671838
Cs2AlInF6,4.5643,5.2060013
Li3AsF6,4.1137,4.3873143
Rb3Sb2I9,1.9237,1.3294957
Cr2P4Pb3O16,2.4535,1.9950238
KYb2F7,7.4517,6.662414
Na2(CrSe2)3,0.0,0.14580041
BaSrMg14O16,3.4651,4.097226
K3ErF6,5.2085,6.213329
Li6Bi3P8O29,0.0,3.4619324
SmClO,4.8762,3.6697044
Tm2MgS4,1.4815,1.8627131
GeC,2.3757,0.1933196
TlPd3O4,1.0565,0.17874005
H6CN4O,5.1302,3.7032583
Ba2PIO4,4.378,5.023577
Ca2Mg(CO3)3,5.0082,4.9164724
TiAl2O5,3.1831,2.1280832
Na14Hf3Mg5(PO4)12,4.5385,4.5296373
BaGdCuTe3,0.5031,0.65592766
P(CN)3,4.4677,4.710929
Sr2HfTiO6,2.4253,2.8072221
SmH3(CO2)3,3.8052,3.6916776
YB3H15N,4.6118,5.481021
Rb3YF6,5.8525,5.369211
Eu(BOs)4,0.0,-0.025837421
NdPO4,5.5532,5.0747447
Li19Cr4P8O35F,1.9694,2.145743
NpTi3,0.0,0.004857734
H12C2S(NO2)2,5.0163,5.1256037
YMg14CO16,0.0,2.0906267
K2SnF6,5.3443,4.246031
La2TeO6,3.4544,2.6425598
MnB12(H5O12)2,4.6582,5.1423798
SiH6(NF2)2,6.6965,6.095388
ErMgAg,0.0,0.19801123
BH4O2F3,7.0555,6.96811
CaCl2,5.5987,5.3811316
Li2FeCoO4,0.0004,0.94669867
NaTm(SO4)2,5.7586,5.41758
CsB3PbF12,6.3778,6.738191
MgGa2,0.0,-0.04097344
LaTl(WO4)2,2.601,3.0527136
Th2P2O9,5.0734,3.1307895
NdMgZn2,0.0,-0.04712072
TcSO6F,2.721,0.786448
Yb(NdS2)2,0.0,0.8401922
Li2Cr4P4O15,2.0709,2.197137
CsH3CN2O,4.2295,3.8321478
Sn3SbF9,3.695,2.684036
Cs2LiTmCl6,5.2527,5.2820144
NaTi2Ga5O12,2.4472,2.4582567
Ca2PI,1.6997,0.5987232
NaBe2Tl3F8,4.376,4.3899326
Sr2ZnIn,0.0,0.13950127
Li6Mn(OF2)2,2.7828,1.3807521
PrYSi2O7,4.7892,4.4095325
Tl2WO4,3.3207,2.6704547
V5(PbO6)2,1.841,1.402812
Y2Mn(Si3O7)4,4.448,3.662924
Sr3(GaP2)2,1.0672,0.8333696
SmHSO5,5.6617,5.3662477
Sn(WO4)2,3.2432,2.0766737
LiV5H18N2O19,2.4645,2.3131037
NaY4PS5O24,4.4559,4.793922
Ca4Ta2O9,4.4982,4.169122
Cs6OsN4,0.0584,1.3998599
MnH6SO6,4.5366,4.4518676
RbMg6BO7,2.8593,4.177177
SbOF3,2.6517,3.1770108
Eu2TlCd,0.0,0.0520602
V9O20,1.2888,1.0397254
Li4Ni(BO3)2,3.5073,3.136161
K2Zr(BO3)2,3.4092,3.9601882
NaTiPO5,2.866,2.8346488
VRu3C,0.0,-0.054903314
CoH22C3(N3O4)2,3.1713,3.5068467
ZrMnSi2,0.0,0.030380622
Fe6OF11,1.8724,1.7079697
Na2MgB4(H5N)4,4.9681,4.8742714
Th2Fe2Si2C,0.0,-0.0030845106
BaCaP2(HO4)2,5.327,5.219003
NaBH4,6.5874,5.5005345
K2WC2O9,2.8001,2.4681332
Al2(WO4)3,1.7529,4.0530214
HfZrP2SO12,4.281,3.0487437
MgFe2(PO4)2,3.1991,3.110785
Ca3Ti3Si2GeO15,2.8822,2.2349498
BaEuCrBiO6,0.0,0.09067308
Rb3B(SO4)3,5.1563,5.3943686
K4Nb11Al2O20F,0.6849,0.69484806
Cs4Sn23,0.0,0.3439959
K3Al2(PO4)3,4.6074,4.916466
Cs(BBr)6,2.5614,3.3970022
AuSeCl7,1.7274,0.88740313
Na7Sr2Fe7F32,3.196,3.1196167
Rb2Mn2(SO4)3,4.6386,3.6788695
Nb2SeF14,4.8456,4.841488
Nb2Zn2FeO8,2.411,1.6628203
SrCaMg6O8,5.5506,4.598529
TiS3,0.2261,0.048726097
Zr7N2O11,3.1524,2.5415864
Ti3VO8,1.5774,1.2047142
H4SO5,6.5007,5.91738
Ba2Zn3F10,4.2996,4.368768
K6Sn2S7,2.0416,2.320521
Zn4Cu5(TeO6)3,0.016,-0.20191191
Si(H3C)2,3.5656,4.1334515
Ba2YF7,6.7601,6.5531807
ThGeO4,3.8957,4.223462
MgH12SeO9,5.0692,4.148399
LiGd(WO4)2,3.227,2.3112218
MgSi(HO)6,5.429,4.8790135
LiLa(PO3)4,5.2206,4.912728
MgFeWS4,0.2399,0.08352864
Na2O,1.6212,1.8827844
Na7Li3V10O30,3.1413,2.3678658
RbMgV5(H8O11)2,1.3558,2.2092006
CsMo2P2O11,0.0855,2.4934404
BaWO4,4.8822,3.8138652
MgMn2(FeO2)4,1.3389,0.8590297
BaB4(SbO6)2,3.3759,2.8387854
CsPr(PO3)4,5.5689,5.3597198
NaLi2RhF6,1.9166,1.7152674
H5CN7O2,2.4724,3.2695043
Mg2Si,0.0,-0.00046539307
IF7,1.7321,3.1069753
BaSrYbReO6,0.0,2.5750337
Fe4OF7,1.6516,1.6710422
Pr2(SeO3)3,3.6805,3.7556958
K2Hg(PSe3)2,1.4002,1.6537689
Na3Pr(AsO4)2,3.5708,3.0711615
Cs2H6Pt,3.9083,3.570204
H9RhC5NO5,1.8303,2.0337765
Ba2YCr2F11,3.2403,3.7832172
K2TiF6,4.7349,4.115896
Ba3Zr2O7,2.6976,2.8347542
Rb4Zn(MoO4)3,4.0689,3.6733515
AsHPbO4,3.1155,2.686861
BaMn5(SO4)6,4.3486,3.461359
NaMgF3,6.6207,6.4954658
K4Ni7(AsO4)6,2.5952,2.1794531
Sb3H18C6N,3.3991,2.3150542
LiNiPO4,3.4437,3.255546
Te7OsO5F32,1.2372,3.361149
Li2S2O7,5.7164,5.8166804
CaZrV2O8,2.525,2.6373012
BH4N,5.7328,5.2969465
B6H13CN4,5.2596,4.787843
Rb2Te(H6O5)2,3.0252,3.200892
Li3B(PO4)2,6.1272,6.2341075
Li4MnF7,2.2017,3.6272798
Cs2CaTm2(WO4)4,2.0277,2.8507838
Li2Mn2C2O7,2.3358,2.905268
YAl3(BO3)4,5.359,5.113889
RbNa2GaF6,4.693,5.5875487
K2LiTbCl6,4.9973,4.6713514
Sr(P3Pt2)2,0.3711,0.123003915
SrP2(H2O3)2,6.4799,5.6489053
Ba2Bi6O11,1.8232,1.4642282
Na2AsH15O11,4.2761,4.2272286
Li3Mn2OF5,2.306,1.9233577
Rb(PRh)2,0.0,0.1608218
CuW3Cl7,2.4028,1.2275133
PH8SN3O,3.4616,4.0392456
Fe3Si,0.0,-0.025986835
NaV5O8,1.4611,0.6759137
YHg2,0.0,-0.054222092
La3W(ClO2)3,3.6124,2.733692
SiH12N2(O2F3)2,6.159,5.2723923
VSb2NCl14,1.1988,1.8465364
CrH15S2O15,3.3328,4.079195
Cs2KSiF7,5.4636,6.286327
Be3V2(SiO4)3,1.8598,2.449628
YMg14V,0.0,-0.03068854
NaNd4I7N2,2.7311,1.8653868
LiMnF3,3.5205,3.55145
Lu2Be2SiO7,5.2839,4.811993
Li3Sb2(PO4)3,3.2303,3.092281
Na3MnAsCO7,2.6273,1.3792489
K3GaI6,0.8318,2.5780075
Bi2B8O15,4.0668,2.7313516
OsO4,3.1633,1.6183282
V2(SO4)3,1.9278,1.9443157
NaF,6.204,6.8868823
Na2GdCl5,2.6084,3.2010038
ThNiSn,0.2675,0.033714667
Th(SeO3)2,3.9917,4.398318
Li3Mn4NiO8,0.0,0.43549782
Sr20P12Br3O48F,4.9493,4.7264977
ZnPH5O6,4.1732,4.4065433
H3CSO4F3,6.3838,6.180434
SrMg14CdO16,4.7897,3.9811265
Ca4MnFe3O10,1.4301,0.75597465
K9Y3Si12(O16F)2,4.995,4.6486897
Li5Cu(PO4)2,1.886,1.3177228
Rb2U(PtSe2)3,0.0,0.6009506
Eu2Mn(GeO3)4,0.0,0.024539381
SnH16Se3N7,1.717,2.366433
YBrO,4.4849,3.627321
Li3FePCO7,4.3622,3.4117396
Cd(GaO2)2,1.6982,1.6458672
ThP2H2CO8,1.9858,4.3486524
LiLuF4,7.7542,7.720718
LiPF6,7.5394,7.132681
Sr2CaMoO6,2.3481,2.1688552
CoTe2O5,2.3676,1.3523421
LiFePO4,3.9004,3.8425455
KCa9Mg(PO4)7,5.3098,4.7782
Gd2HfO5,3.2023,2.6632202
FeH8(BrO2)2,1.7042,1.6212647
BaZnMoF7,3.8518,3.1296792
Tb5CoBi2,0.0,0.010268092
Gd2MgMo2(ClO4)2,1.6148,1.4938369
Mo4H12N2O15,3.2002,3.053287
Sr3Al2O6,4.2046,1.3973002
K6Cd4Sn3Se13,1.4058,1.2172024
RbH2OF,5.3401,4.5241895
NaZr2ZnF11,5.7246,5.242066
CaAs2H6F18,5.0448,4.753741
TeAsH3NF11,2.4536,3.9865348
B6As,2.6454,0.63887215
LiCuCO3,1.7538,0.95368695
Na3Sr(BO2)5,4.5614,4.115763
Te2W2N2O,1.2733,0.51839566
CsNb2PS10,1.5184,1.4218495
RbSmGeSe4,1.6011,1.4842552
Li7MnP4O14F,4.2543,4.3165917
MgAl10O16,4.4934,4.3777595
KSiPCO7,5.33,4.7470536
AlPH9(CCl)3,5.6312,3.7580729
Mg5Si2(O4F)2,4.9129,4.877018
K2TmF5,7.114,6.307219
RbTaV2O8,2.8144,2.4717677
Pr2NCl3,3.3939,1.1949109
MnCo3,0.0,0.1444511
B3H7C2S,3.6437,4.0598483
Sr20P12Br(O16F)3,5.1025,4.94836
SbS8N6Cl5,1.3868,2.0030503
ZnFeBiO5,0.0,0.74711144
Ca2B5BrO9,5.1916,5.594199
ReBi9O17,2.1502,2.2532828
K2ZrO3,3.6617,3.057152
Ca2Bi10O17,2.2635,1.8456285
K5Li2PrF10,6.4766,5.6265492
GaH4NF4,5.1596,6.044046
LaY3Ti4O12,0.0,1.7847075
K3AsF6,4.3402,4.180448
Sr(PO3)2,5.4627,5.519322
CaZn(SiO3)2,4.0566,3.8869407
Li2Fe2Si2O7,3.4796,2.869119
Na2LiMn(PO3)5,3.4085,4.0282545
NaYH8(CO3)4,3.4615,4.4805765
KNbF6,5.1164,4.8325453
Ba4SiGeS8,2.4472,2.3882701
K2Cr2AsHO10,2.6723,1.4977671
Be(GaO2)2,2.6235,3.2709239
Sr3Y2(BO3)4,4.5432,4.16447
Os7C19SO19,1.4865,1.9579917
Sr8MgP4(IO4)4,1.382,4.717369
Ga3Pb,0.0,-0.05955015
Cs8Ta6O19,3.4757,3.9824207
RbYbF3,6.5181,6.1120744
Li6Nd6Sb(TeO8)3,3.1331,2.1376376
Li3Cr13Ni3(SO4)24,2.2487,0.9397599
LiVCoO4,2.0713,1.2300923
CsMgAs(H6O5)2,4.2896,4.0666313
SmF3,7.7298,5.648106
MnPb2WO6,1.2995,1.5918373
KLi3Si12(SnO15)2,4.4444,3.390753
KVPbO4,3.3834,2.515813
AlH8C2N,5.175,4.9589458
K2InSbCl6,1.2295,1.7497764
BeF2,6.7317,7.5020633
CdHgC4(SN)4,2.2059,2.2604182
KPH3NO3,4.8337,4.804506
Dy(PO3)3,5.5999,5.5579734
ZnH20Se2(NO7)2,3.637,3.66701
KPr9(Si3O13)2,4.4388,4.5584292
MnP2HO8,1.3029,0.8706423
Gd6MgIn2O12,1.3417,1.6180735
ZnH12C4N5Cl3,4.3365,4.248379
Sr2LaCu2HgO6,0.0,0.7695807
CaZnO2,1.5973,1.8849669
Ti4H3Pd2,0.0,0.0039221793
Na6LaNb3(SiO4)6,2.9042,2.4206104
KCaF3,6.1392,6.4209604
Ba2ErGaSe5,1.6731,1.5473129
Mg14VCrO16,2.197,1.8070164
VBiO4,2.8103,2.3364007
LiFe(PO3)4,2.5387,3.0805235
Mg4FeO5,3.2858,2.9181294
Rb3Ti,0.0,0.90599865
KSm2Cl7,4.5743,4.516443
Li34Sb8S7,0.0,1.1190548
LiV2S2(O4F3)2,1.1574,1.8317473
TmTaTiO6,3.3388,2.3488693
BaLi4O3,3.4693,3.5075395
Gd2MgS4,1.6184,1.0919564
Li3Co(NO2)6,2.4359,2.1524665
Ce(PO3)4,1.2397,2.3472176
Ba2YF7,6.2373,6.5531807
K3Bi2(PO4)3,3.8091,3.551568
RbF,5.5244,5.844655
CsNa2H3(SO4)3,5.3648,5.339313
Fe(SiO3)2,0.0,0.8040597
Mg4V5(TeO6)3,0.2611,2.3595073
Ca2B5H7O13,5.7199,5.448856
K2NdI5,3.041,3.0982444
Li2TiO3,3.0338,3.7323115
Hg3SO6,0.5603,1.7317799
SrV2O6,2.804,2.5213583
InSi2P(H3C)8,3.7122,2.7255619
BaZnSbF7,4.3858,3.729327
LiMnP3HO10,1.0635,3.421433
SbN2Cl3F2,2.0672,2.471371
La4Mn5(Si2O11)2,1.0118,0.9997643
TlBi(WO4)2,2.7892,2.7550313
V4Cd3(PO4)6,2.0024,1.516073
Rb3CuO2,1.4422,2.853688
Rb2LiVS4,1.5836,1.6082646
Li2V3CrO8,1.1108,1.1261328
Zn(PO3)2,4.7071,4.0819416
K2CaNd4Nb2O12,0.0,2.6218107
BaGaF5,5.7568,5.4970136
Nd3NCl6,3.445,3.4712663
Dy2GeO5,4.0049,2.3583329
Xe,6.2294,6.1058354
LiFeWClO4,3.3841,0.7245707
La6S3(OF4)2,2.6035,2.359612
Sr2MgCu2(BiO4)2,0.0,0.35346392
LiVPO5,1.7074,1.7338064
Tl3SiF7,3.5757,3.8332465
Na3Mg(BO2)5,4.8134,4.715918
BaB4O7,5.3277,5.377317
Cs2KNdI6,3.2412,2.9398832
Mg(IO3)2,3.1063,3.2497387
NaLaHfZrO6,2.4644,3.404414
NaN3,4.0268,4.1449
Ba3SrSi8(NO)8,3.9167,3.802869
K3P(W3O10)4,3.2441,2.5511792
Ca2B6O11,5.639,5.7678814
CsPaO3,2.973,3.4385393
LiFePH2O5,3.6933,3.2982328
K4H6W2S2O9,4.039,3.022042
V2SiO4,1.8974,0.332465
TeBrO3F5,2.7668,2.031883
Tm6MgWO12,2.779,3.1232827
CaP2H10(NO4)2,4.8111,4.93315
KNa4Cl5,4.9457,4.7225204
Y2O3,4.4468,3.7574503
Li2SO4,6.0132,5.664871
NaInAs2O7,2.3567,3.1685226
SiH17C11N,4.014,2.4342592
LaF3,4.8904,5.569349
Ge19(SbI)4,1.1306,0.17812012
AsS4N4F5,1.92,2.1682913
Ca3Si6W7O15,0.0,0.2778207
Rb4PbO4,1.9618,1.7401907
Rb5FeO4,1.8728,1.5858166
Na12Ca3Fe2(SiO3)12,2.6023,3.251047
SrLiTiF6,0.0,3.985694
Li2Mn(BO2)5,1.2373,4.039129
Fe4O3F5,1.5808,1.6151056
CN6O,3.6775,2.9031007
Sc2(WO4)3,3.4491,4.468797
KB(CN)4,5.9167,6.7773414
Er2PbS4,2.1115,2.0452702
Zr(TeCl6)2,3.0775,2.531286
MgAgAu2,0.0,0.2889405
Bi(PO3)3,4.6172,3.32266
KCaBr3,3.8983,4.1369467
Ca2H26I4O13,3.8187,4.309857
Ni17(As3O16)2,2.1541,2.0240576
TaBr5,2.0361,2.322242
Al2Si2PbO8,4.296,3.81578
Si17NO34,3.4089,3.1561463
LiVO2,0.0,0.87359416
H13C2Cl3O8,4.5239,5.3920717
Dy(BO2)3,5.6367,5.6912417
UP2(PbO5)2,1.7666,2.0466046
Ba4In2Te2Se5,1.8433,1.3215485
K2RbBiBr6,3.4181,2.5674918
CdSi7N10,1.7004,2.8888614
NdBrO,4.4831,3.7881715
Lu3O2F5,5.6024,5.578477
TaGaP2SO12,3.443,2.014831
La3Si2S8Cl,2.6154,2.2694156
Hg3As8(S4Br3)2,1.7802,1.7572682
Dy2Hf2O7,3.2281,3.2515204
Al2O3,4.3139,4.6683955
Mg6ZrNb,0.0,0.0018164515
ScF3,6.0767,5.730778
BaEr2F8,7.215,6.461854
RbNa3SnO4,2.3483,2.3192036
AsPCl3OF5,4.5688,4.3700824
PWO4,3.1622,2.2672918
InPO6,1.6124,0.7303021
Ba3In(BO3)3,3.4937,3.4080384
Na3ZrF7,6.1421,5.021145
NaVPO5,1.6573,2.0449936
Tm(MnSn)6,0.0,0.055205174
Na2Al2B2O7,4.3384,4.100284
HgB4O7,1.7969,1.1741478
Sc2Pt,0.0,0.0040455014
MgSiO3,4.6425,4.283934
Y13Tm3O24,4.1484,3.7185414
MgI2,3.6162,3.4376695
Na4In2Si(PO6)2,3.1895,3.207198
Al3GaN4,3.4096,3.776593
Tl4Si5O12,3.1736,3.173073
Na6NiO4,1.2599,1.8589444
Na5Al3Ge(PO4)6,2.9864,3.8941433
Li3Dy3(TeO6)2,3.5477,1.8452858
Th2BPO8,4.5328,3.161838
SrCa2I6,3.5691,3.5598686
K2YPCO7,4.6021,4.421015
BaCaAlF7,7.1873,6.514176
Al2BiSe4,2.2404,0.89482844
K2Be2(SiO3)3,5.035,4.977743
NaAlH12(SO7)2,5.2103,5.021346
LaZn3,0.0,0.10378368
Sm6H44N8O51,3.0493,3.7130167
Na9MgTa5(SiO4)9,3.2278,3.1638381
Na6Cr2As(CO4)4,0.0,2.1394193
SmGa,0.0,-0.1394641
H2,9.7197,8.968965
ScF3,5.7198,5.730778
LiTaWO6,3.3631,2.9534495
Rb2MgF4,6.2257,6.2233872
CsLi5(BO3)2,3.6328,4.1984153
KPHO3,5.3098,4.931001
K3BiBr6,3.4347,2.4355574
RbCaCl3,5.982,5.0742803
Ba2MgH6,2.8864,2.0486193
MgH4(ClO4)2,5.5225,5.006579
LiFeF4,3.4049,3.4657857
Yb2O3,0.0,2.5812159
YLuO3,4.7426,4.800841
Rb2Be2O3,3.1096,4.3736176
Li3Cr,0.0,0.04353851
AuCl4,0.0019,2.044095
KBOF2,6.0598,6.1211343
SF6,5.9606,5.837888
Cs2AgBiBr6,1.3547,1.4585706
NaLiLa2Ti4O12,1.9014,2.0719728
LiTi2O4,0.0,1.2580307
Co5Te4Cl4O11,1.8011,1.6891716
Rb2Th(NO3)6,3.6611,2.8997405
BeCN2,5.5087,3.5951445
La6TaGa11O28,3.5288,3.0253656
MnAg4(SbS3)2,0.0808,0.6409227
Rb2NdAgCl6,3.6549,2.6827261
VH11C3(ClO2)2,2.5048,2.5734386
K2P3,1.0518,3.7511039
LiMn(SiO3)2,1.2607,1.6177217
Yb4CrS7,0.0,0.09198876
AlP(H2O3)2,5.4241,5.490072
NbIn3P2(SO6)4,2.3206,2.2021277
CsK2Sc(PO4)2,4.0983,4.1338086
Li7V4(PO4)6,0.0,1.9670784
KCaBr3,4.4047,4.1369467
AgBi(IO3)4,2.4344,1.8981464
KLu3F10,7.0737,6.953305
Na4MgMn2O6,1.4159,0.8650135
Mn9O13,0.0,0.24466316
KCaNd(PO4)2,4.7425,4.946867
BaAl2(SiO4)2,4.8197,4.6081395
HoBO3,5.0898,4.222858
V(PO3)4,1.5741,1.8143431
Li2PtO2,1.5326,1.0059688
Ba2CaI6,2.967,3.6978457
Mn3Zn(IO3)8,2.5927,1.7836347
KAsW2O9,2.3938,2.9078767
K2Li3B(P2O7)2,5.5906,5.5073166
K2SrP2O7,4.8616,4.8337736
Tl2(SeO4)3,1.4303,1.8731737
PbCO3,3.3642,2.4354005
FeO2,0.0,0.3813755
Sr2MgFeMoO6,1.0972,1.1990861
BaNaY(BO3)2,3.335,4.3377376
Na3AuS2,2.3085,2.2208354
Ba2CaI6,3.7972,3.6978457
CsKMg14O15,3.2681,3.258295
Cs2TlSbCl6,2.0043,1.8784659
Li4FeSb(WO6)2,2.0653,2.3025498
TiPb9O11,2.017,1.3725419
LiV2F7,2.198,2.1639106
K2Mg3P4(H5O6)4,5.2116,4.9857774
LiMnP2O7,0.6117,2.3812284
Ca3SiO,0.5122,0.10497075
TiCoO3,2.2549,0.7154929
Bi4I2O5,2.3625,1.4052626
TeS2(NCl)2,1.9841,1.4189774
NaLiTe,2.284,1.3750534
NdHf2F11,6.5541,6.582503
YMgMnS4,0.0,0.9737345
CoPH6O6F,0.0,2.5658238
Li4Mg(HN)3,2.9272,1.8684764
MgMn3CoO8,0.8248,0.46045196
KAlF4,6.9377,6.8097
Na2P3HO9,5.2321,5.0256114
HfTlF5,4.7684,5.5759377
S5N6,2.2957,2.5804207
AlF3,7.4257,7.3896017
SrZrSi2O7,4.7096,4.0339055
V2CdO6,2.2611,1.5546405
KAlTe2,2.2355,2.1225111
Rb2ScAgF6,3.2846,3.2759192
Li6Mn5SbO12,0.5929,0.67555225
NaGa(H2N)4,3.0307,3.108156
K2HfF6,6.4694,6.640014
SrPrScO4,3.6711,2.8420434
Cs2TlAuI6,0.0,1.0388432
TlCl,2.5181,2.6645048
Y4Ni13C4,0.0,-0.01117079
Ba2ZnF6,4.7324,4.606704
Hg3AsSe4I,1.2264,0.58990234
Na3PrCl6,3.8907,4.694805
CaTlF3,4.6281,4.430653
Ga2Pt,0.0,0.03935133
ZnH2SO5,4.2653,4.506999
Rb2YCl5,4.6578,4.8561153
Co3(PO4)2,2.6933,1.4617379
Ce2MgSi4,0.0,-0.019553348
Na4Mg3P4O15,4.9429,5.223928
LiVWO6,2.8759,1.595837
Li2TiFe(PO4)3,2.3733,2.108917
Li4Mn3Fe(PO4)4,3.5811,2.7494547
Al2Si2O7,3.7039,4.7305884
NaMg14BO15,2.9185,3.5267065
YB3(H9N)2,5.319,5.401649
CsDy2Cl7,4.5574,4.7791615
B2(CN2)3,1.9255,2.7616637
NaFeSO4F,4.1937,2.746074
CCl2O,4.5622,3.1418984
LiMg30BO32,4.2494,3.086891
Na2LiBiI6,1.9141,1.9938713
NaTaO3,2.7139,2.4949028
Na4NiP2O7F2,4.258,3.933489
CsZnN,1.0698,0.4721195
LiBC2(O2F)2,3.7501,6.332017
H6CN3Cl,5.2732,4.71468
Na2P2H14O13,5.2589,5.094674
RbPbF3,4.5758,3.7319582
GaH12N3(OF2)3,5.3193,4.8739767
ErP5O14,5.5593,5.5766196
Rb2Te,1.7021,0.21216089
K3B12H12Br,0.0,4.0468664
Rb5SiAs3,0.7647,2.0504532
Li2Mn2OF6,0.7277,1.6725329
NdHSO5,5.5634,5.3117747
TiH8(NF3)2,4.7817,3.7778912
K2LiScF6,6.7733,6.553415
Al2RhC4Cl7O4,2.0191,2.9608161
RbTmP2O7,5.0285,5.1974673
Al3Pb5F19,4.8519,4.986665
K3TbSi3(HO5)2,4.8809,4.4991183
Cd(BO2)2,3.3431,2.2637248
Na2USiO6,1.9279,1.9520388
NaLiHo2F8,7.5674,7.053192
Sr3Ge2(B3O8)2,4.4324,3.4431183
Mn2ZnO4,0.0,0.07299082
Li5Fe(SiO4)2,2.0335,2.345232
NaSnPCO7,3.2917,2.7959833
LiZr5TlF22,5.2244,5.0886254
KInF3,2.3697,2.1427124
LuF3,7.6899,6.645683
LiMnO2,1.6645,0.79121923
VF5,2.7828,1.5569195
RbHCO3,3.4353,4.2063584
LiV2(PO4)3,1.3169,1.7352171
Ba(BH4)2,5.6574,5.0569158
GaPH11C3Cl,4.8549,3.885103
MnH12C4(N9O2)2,3.4449,3.6032538
TaZnBiO5,3.6178,2.1716447
Rb2WO4,4.511,4.0515103
Li8ZrO6,4.7984,4.249999
CaMg14CdO16,3.3306,3.661063
KTm(MoO4)2,3.5609,3.7765481
Sm3Sc2Al3O12,4.316,4.003325
Li2(CoO2)3,1.1552,0.20250009
KMg6Nb,0.0,0.0234771
Mn2PH2CO7,1.0754,3.186179
RbClO4,5.4759,5.40808
CrCo3C16NO14,1.6084,2.5121422
BaCaLaSbO6,3.2198,3.0010564
K3V(PO4)2,1.9769,2.6214015
Sr10P6SO24,3.5439,5.282737
Na5Ca4P4O16F,4.7165,4.7807283
Tl2CoP4(HO2)8,3.4811,2.4642553
Ba(FeO2)2,1.9016,1.289842
CoAgO3,0.0,-0.093165204
Sr2LiBeB3O8,4.9369,4.871319
CdH2(SO4)2,4.3612,4.1599708
LiFeP4O13,0.0059,2.1516764
CaZrSi6H4O17,4.8014,4.058529
K3Sr,0.0,0.615625
PNF2,5.9873,5.232662
Ca51W12N56O3,1.8087,1.0086555
Cu6Sn5,0.0,-0.11706339
TmC6(OF)9,0.0834,4.246627
Li5VF8,2.491,2.6189544
SrNdFeO4,0.4943,1.9477181
Pr2P3(HO2)5,5.6736,5.386323
Na2Zr2Si(PO6)2,4.2153,3.7795534
Pr2ScSi2,0.0,-0.02754189
KCdF3,3.3539,4.2929873
Rb2YInI6,2.6542,1.503073
NaLa3,0.0,-0.21069656
KHfH2OF5,6.7626,6.4228435
TiP2H4O9,2.9959,2.3843057
Cs2SeCl6,2.7509,3.1531022
V2Bi4O11,2.3673,2.6429822
La7SmTi2V6O24,0.0,1.3875301
Dy3SbO7,3.7098,1.7286367
K2Na(B3O5)3,5.3035,5.3256407
Ce3Mg,0.0,0.020421997
Na3TaZn5(SO4)9,2.4688,2.9213774
K3ErF6,6.7433,6.213329
Sr(PO3)2,3.6559,5.5193224
LiFePO4,3.2893,3.8425455
Na2CoH4(CO2)4,2.4491,2.8107831
CrO2,0.0,1.9503384
KCaInWO6,3.432,2.6591086
Ba2HoTaO6,3.448,3.4245703
TlHg(AsS2)3,1.6754,1.6146829
Ir3Pb,0.0,0.02530621
BaTb2ZnO5,3.0506,3.1059558
HoHO2,4.5225,4.5109196
KB5(H2O3)4,5.1697,5.515222
Sr2GdCu2RuO8,0.0,0.3454178
Fe3Rh3S8,0.0,-0.09223902
KMn(PO3)3,4.0551,3.6055036
Rb2NaErF6,6.4981,6.4643
ZnCoF5,1.5869,1.7738476
HNO,3.2681,3.7643936
Li3Co2O5,0.0,0.32342225
SmCrO3,2.4802,2.3875387
Al2ZnSe4,2.1529,1.8284864
BeZn3S4,2.9164,2.352144
LiHo2Al,0.0,0.15642408
ZrHgH10C6O17,3.2128,2.6772897
Nd2(SeO3)3,3.4891,3.7706816
RbCaCl3,5.3844,5.0742803
Tl2SiSe3,1.6828,2.0369878
Hg(PO3)2,2.5782,1.0937481
Mg14NbCu,0.0,0.046116516
K2(MoSe6)3,0.8621,0.56501573
Cs2PrCl5,4.7712,4.9284554
UIn3,0.0,-0.023801744
Nb2Ge2O7,1.5406,1.5488154
PF5,7.1089,6.9460554
CsTiH10C4O13,0.5586,2.9706347
TiSnO3,1.1086,1.4559954
K2Ge2Pb2O7,3.1648,3.3214352
MgGe7N10,2.3789,2.2023976
Li2PWCO7,3.8206,3.3568676
H34C19,5.4846,4.8251076
LiFeF3,3.4609,3.1835225
LiZnInF6,4.052,3.793121
MgGeH12(OF)6,4.7197,5.048945
Rb3H(SO4)2,4.313,4.9199777
LiLu(WO4)2,3.8008,3.6704197
Cs3SiF7,5.6338,6.4989448
LaOF,4.205,3.842264
LuCuPbSe3,1.0735,1.4105159
MgB2P2H8O13,5.8013,5.357697
V3Se2ClO8,1.665,1.2468042
Mg14Si5O24,4.9499,3.8311834
NaB3H4O7,5.429,5.1702743
Li8Nb2S9,1.1298,2.0025964
TiP2O7,2.7708,1.9229383
Be4Si2H2O9,5.7392,5.1269317
H12C4NClO4,5.6872,4.7567663
LiSbP2O7,4.0469,3.1815233
LuScO3,4.6063,4.0808263
CsClO4,5.3228,5.3450484
Ce(ZnAu2)2,0.0,0.10975351
Na15Mg7Ta5(PO4)18,2.7942,3.3346734
SrMg30MnO32,2.827,2.9019392
Li6Ho(BO3)3,4.7449,4.9018745
Rb2ScSi4O10F,5.0158,4.6603312
Pr2InCu2,0.0,0.008384965
LiV2OF5,1.8025,1.7698648
SrF2,6.7674,6.0399356
Cs3LaBr6,3.784,3.9360216
AlSbO3,1.2462,0.9811522
NaH4ClO6,5.022,4.885599
Na2Te4O9,3.1514,3.2016642
LiCaAlF6,7.6448,6.9731603
Sr5V3ClO12,3.9453,2.6212795
HoAlB14,0.0,0.8017551
Tm6(Ga3Co)7,0.0,0.0026608557
LiMg,0.0,0.67561924
Mg4ZrN4,1.3286,1.7012352
La3Si2ClO8,4.4117,4.7744317
LiTbSe2,1.5013,1.8025274
Ho10Ti6O27,2.5954,3.0109923
Ca2P2O7,5.5373,5.5108914
LiMn2(PO4)3,1.1008,0.9633086
LiVPH4O7,2.56,2.1680577
Ba2TmCl7,4.9744,4.737894
Li10Mn3Cr5O16,0.1768,1.3572714
Li6Br3N,2.0919,4.027824
BaHfO3,3.5394,3.4558876
CsK2IrF6,2.0177,1.1573757
SrGaBO4,3.9632,3.992946
Li3VO4,4.0337,1.5862232
LiBi4P7O24,3.8273,2.7879984
H8S(NO3)2,5.4558,4.6830034
Rb2U2O7,1.7215,1.7921627
Ba4Na(BN2)3,2.0441,2.2880847
LiNiRhF6,1.6961,1.4580221
Ba6Ca6Mg(CO3)13,4.5923,3.8466523
Ta2TcOs,0.0,0.046778344
TeO2,2.8044,2.4406638
Ca4Nb2(SO4)9,2.3518,2.9106896
LiMo(PO3)4,4.4002,3.1231015
Nd(BO2)3,5.4208,5.509375
N2O,6.2369,3.9065392
Y12Si5S28,1.7467,2.4434292
Na2FePCO7,2.3732,2.3234277
Ba(VN2)2,1.5624,1.4908725
K6Ti2O7,3.4474,3.8640363
Na2TmPWO8,4.8021,3.5701592
Ba2CaSi4(BO7)2,5.0218,4.1444964
NbCr3(AgS4)2,0.0,-0.045313105
Ba4Y3F17,6.6616,6.613336
Li6IrN4,0.0,0.9315016
Ba10Y5(Fe5O12)3,0.6217,1.4967849
Li3VOF6,3.2009,2.1158645
Bi2B8O15,4.3605,2.7313516
SiO2,5.8291,5.2596254
Er(NO3)3,3.2472,2.9670618
CaTiSiO5,2.9385,2.013972
CdH7C3NO6,4.7526,3.7399824
Be3Fe4Si3SeO12,3.1008,2.5572827
KRbMnV2O7,2.5913,2.126402
LiMnF3,3.7031,3.55145
MgCr2O4,2.2946,1.6605113
KDyO3,0.0,2.6916392
Li5NiO4,1.8912,2.677436
Li5AlO4,4.795,4.0198383
Sn2(SO4)3,2.368,4.003992
SiP4PdPbO14,1.8533,2.153372
SrH4(ClO)2,5.0035,4.751808
LiSb(SO4)2,3.2512,3.9975922
Er2Te4O11,3.2333,2.4919324
K2MgF4,6.4059,6.3050895
K3NbO8,2.3512,0.92076874
H3C3N5,3.483,4.2070737
CaAg3,0.0,0.039074898
Ca10P6SeO24,3.7475,4.244838
Fe3(PO4)4,0.0,0.7857889
Rb2LiTaCl6,0.0,2.4788067
ZnCdS2,1.3686,0.6739188
Sb2S4O15,4.4244,4.6288714
UCuSi2Ni,0.0,-0.0014849305
KNa2ScF6,5.0397,6.2346854
Li2CoNiO4,0.0,0.7100884
Cs2TeH6(ClO3)2,3.2584,3.9061923
CaSb3P3O13,2.2614,2.4197657
BaEr4Si5O17,4.782,4.568079
K2Si6GeO15,4.3997,4.0044003
PrN,1.5598,0.23275602
KEr(PO3)4,5.2949,5.4401507
Na3Sb5O14,1.1822,2.0500457
Ba2CaMn2CuF14,1.2563,0.68207145
Li(WO3)2,0.0,2.6771233
Sr2SnSe3F2,1.4479,1.9045155
Na2LiN,0.0,0.28649876
Er8In3Co,0.0021,-0.17376252
La4Al6O15,4.4343,3.4022186
H8W(S2N)2,2.1658,2.6212428
Sr2MgTiFeO6,1.8155,1.5403154
GdH6C2ClO7,2.8345,2.9822347
LiTmO2,4.4291,4.5026174
MgH8(NF2)2,5.9978,6.081741
SrMgF4,6.6872,6.5148954
AlNi2BO5,3.6211,2.8147788
LiH2IO,3.6828,3.225015
NaLa3Zn(SO4)6,4.235,3.470702
Cr3H8(NO5)2,2.025,2.6495264
Er2MgSe4,2.2366,1.5674465
CaS,2.3819,1.5280915
Er4(B2O5)3,5.6299,5.4889617
SrLa2Al2O7,2.9162,3.440512
Bi2(SO4)3,4.2334,4.2294745
Ca(Fe2O3)4,1.1096,1.1318439
Li2ZrF6,6.0884,5.898148
Ba4Ti13O30,2.5295,2.111034
K6HgS4,1.7161,2.4210975
Cs2Li3(BO2)5,4.5354,4.585435
Be2As(HO)9,4.4006,4.439064
ScAgO2,2.074,1.22854
LiFe3(OF3)2,2.0146,1.6939843
KHoBeF6,7.4029,7.08124
Na4V20(CuO4)15,0.0,0.36724365
AlPO4,5.5081,5.2395186
KZn(BO2)3,4.4661,4.280932
BaNd2PdO5,2.2191,1.4725271
Ca2Sb2O5,1.5487,2.9002244
BaHBr,3.2113,3.9031217
NaReO4,3.6152,3.2380326
Sr2CoSe2(ClO3)2,2.1714,2.3493104
RbNd(PO3)4,5.3014,5.416191
NdZnPd,0.0,0.09126505
Ca3Ga4O9,2.6393,3.5139823
KU2P3O14,2.3462,1.4421673
SiH8(CBr)4,4.2427,2.748399
NbCr3(CuS4)2,0.0,-0.010642752
KNa2AsF6,3.0404,4.575006
AsI3,2.2375,2.6837926
KClO4,5.5614,5.2807117
ErAg(PSe3)2,1.7618,1.6226465
AlBiTeCl4,2.1634,3.2226937
K2CaH8(N3O)4,4.1848,3.5796552
NaBH4,6.4072,5.5005345
Rb2NaMoI6,1.0856,0.80531156
K2FeF5,2.9703,2.6224902
ZnGeO3,2.1201,2.1794698
Sm2Si2O7,5.0,4.43571
ErSbO4,2.2761,2.2813213
Li4MnF8,2.2493,3.1070406
SrMo4H4O15,2.7437,3.1613996
NbTeCl9,2.1717,1.8644994
Cd(CN)2,6.0857,5.5419726
Li2C3SN6O7,0.1291,3.294696
Na3GdTi2Nb2O12,2.4367,2.0312955
HfP2H4O9,5.4914,5.16883
BaEuBiSbO6,0.0,0.014511377
KDyP2H4O9,4.6561,5.2616463
K2SnHCl4,1.9466,2.4534245
In3Si,0.0,0.0863633
BaCa2I6,3.6368,3.6098597
CaYP7O20,5.369,5.3497076
NaCaSiHO4,4.4923,4.2399917
Li2Ni2(SO4)3,3.5674,4.068906
MgCrF4,3.1908,3.233949
Na4Bi2O5,2.5341,1.834394
CaC2(NO)2,3.808572743,5.1510234
SnO,1.6427,1.2433513
CsH3O2,4.7105,4.2796803
Ba2CuMo2F14,1.4195,0.7700831
SrO,3.2748,2.4623926
MgSO6,1.7555,3.1999652
CoNi(PO3)4,3.2203,1.795604
Al5Se8,0.0,1.4206367
Li5Cr2P5O18,2.4505,2.1657755
Na14Ta5In3(SiO4)12,3.2013,3.0464852
Rb2O2,1.76,3.184848
Te2AuCl,0.0,0.53595155
Sr(VN2)2,1.7095,1.5281277
Li2AlCoO4,1.7803,1.4857674
Cs4Mg3F10,6.3717,6.5044622
PrHf2F11,6.5539,6.685741
Ca3SiO5,3.8608,4.037143
BaCaSi,0.1767,-0.010743052
BeO2,0.3109,5.915658
MnTe,0.0,-0.12456305
Na2SnBPO7,1.8592,2.6343129
CuH12C5S4N,1.2525,2.5556166
ZrTe3O8,3.7385,2.5970623
Na4Bi2O5,2.1576,1.834394
ScClO,3.9253,3.1113794
MoH4O5,2.4345,2.5128477
K2Zn3S4,2.4299,2.2466273
TeI4,1.7649,1.3849738
Na2CaH10C2O11,4.6291,4.5894284
BaSrYNbO6,2.9738,2.8966043
InBiO3,2.7352,1.3129289
Mg(BH4)2,5.6348,5.3896537
P2H12N8O3,3.297,4.1840653
Ba5B4(O5F)2,4.6341,4.602493
Na3MgZr(PO4)3,4.0302,3.8036163
NbTlCl4O,2.3042,1.7309804
Pr(BO2)3,5.3984,5.286839
Li2Zr4As3(PO8)3,3.7145,3.2322943
Te4As2S5(OF6)2,0.0,1.594346
LiAlPHO5,5.729,5.698423
CsInH2(SeO4)2,2.6489,3.5368428
K5YNi2(NO2)12,1.4746,2.8180459
PH6(NO)2,4.8465,4.9239726
NaLaSiO4,4.2622,4.2845025
Cs3AlI6,2.107,2.91081
Tm2Be2SiO7,5.3393,4.5968375
BaAlGaO4,3.3501,4.1039877
Sb9S4F39,1.7301,4.3568187
K3TmF6,6.0112,5.964852
AlPO4,5.2949,5.239519
RbMg30WO32,2.8539,3.10624
SrN6,3.3471,3.0685942
KZrCuF7,0.3759,0.30309227
LiMnPO4,3.0958,3.4056253
SmDyO3,4.822,3.678065
MgO2,2.3801,3.2254841
CsSm(MoO4)2,3.6731,3.8676903
K2MgH8(SO6)2,5.2249,4.9501233
KCuPSe3,1.0928,1.383673
Rb2LaF5,6.3647,6.202297
CrPO4,2.2052,1.2411186
Ba3(YI6)2,2.5818,3.0313852
BaTh2S5,1.736,1.022552
Mn4OF6,2.3017,0.6764028
BH3OF4,7.6573,7.219823
NiH6(SO6)2,0.7044,4.500586
NdNiSn,0.0,-0.063612774
Xe,6.2094,6.1058354
Ba2SmSbO6,3.5598,3.3836174
MnV3(PO4)6,0.702,1.0928704
Li2MnF4,3.7412,3.9595807
SrPrScO4,3.1811,2.8420434
Li2SiNiO4,3.3961,3.2240245
KNaSO4,4.9724,5.1968074
AlPO4,5.7813,5.239519
Na3Y(Si2O5)3,4.609,4.277694
Zr6Pb(OF11)2,4.6651,4.4637046
NaLiCO3,4.3134,4.6270823
K4Th(MoO4)4,4.0216,4.061793
KPbN,1.29,1.1782353
Zr3TlF15,3.4505,5.605276
Li2V(PO4)2,2.9723,1.8276845
Ca3Be2Si3(HO6)2,5.1688,4.794081
NaLi3GeO4,3.7766,3.749142
Li11U4(WO5)8,0.0,1.9573123
Ho3Ga5O12,3.535,3.0367768
BeAl6O10,5.4595,4.8499064
LiFeF3,3.4099,3.1835225
Cd6Sb5,0.0,0.08200906
ThH6(NO5)2,3.5309,3.177441
SrBe2(PO4)2,5.9252,5.7946
KYb3,0.0,-0.014809638
CaH4(ClO)2,5.2817,4.985616
MgFe7(Ni3O8)2,1.1234,1.3008897
SiO2,5.5612,5.2596254
SnH12C6(NO2)2,4.2444,3.1959603
Na2S2O3,4.0764,3.9244738
NdH4S2NO8,5.596,5.030358
Cs2PO3F,4.402,4.071414
Li4Al3Ge3IO12,3.306,3.2407682
Ba6Nd2Ti4O17,2.6869,2.5151749
Cs2VH2(OF2)2,2.8269,2.363817
LiCrBO3,1.4909,2.0384336
Nb3Se10Br3,1.247,-0.16440307
Sr2MnNbO6,1.202,1.5996969
LiPrS2,1.9022,1.8676151
K2CS2(O3F)2,5.8248,5.60782
Ca(SnO2)2,1.4524,2.1488638
ScBiO3,2.6897,2.5090063
ErTaO4,4.0507,3.829744
As2H6CO6,4.0879,3.8905709
Cr2CuO4,0.0,0.43812013
BaMg14SnO16,2.5489,2.7567892
Na3PS4,2.2883,2.76952
Mg5B3O9F,5.3181,5.154214
Na2ZnB6O11,4.7511,4.3597794
RbBiO2,2.1259,2.5846148
Li3Y2(BO3)3,4.7924,5.005324
Tb2Se3,1.5809,0.71040213
YPO4,5.3669,5.1248612
Li(CoO2)4,1.1774,0.14145882
AlGa(SO4)3,4.409,4.6862907
HoPaO4,2.4203,2.8462982
Sb6O5F8,3.4235,3.4444497
BaBe2Si2O7,5.5695,5.0575275
CsSmZnSe3,2.0424,1.7796483
K3CoF6,2.8984,1.3680887
K2LiAuCl6,0.0,1.3756773
VNCl4,1.2419,1.6550428
KLiSO4,5.3245,5.435928
Li3AlF6,6.5056,7.6622734
K3Sb5O14,1.3527,1.8110963
Ba2SmVO6,1.6332,2.8845594
SbCl4F,1.385,3.227914
Er6TeO12,2.8824,2.4971135
HfMnSi2,0.0,0.017359063
KS2N(O2F)2,5.4444,5.199449
RbSm2Cl7,4.4664,4.3149395
LiMg30GaO32,4.2398,3.1836631
ZrH6O3F4,5.2923,4.6740956
Al2(WO4)3,4.6158,4.0530214
Si4CO13,1.077,1.4383637
KTb(PO3)4,5.33,5.3516846
CsNaSiO3,3.7895,4.18806
NaSrDySeO6,2.0798,1.1940169
Ca2P2H8O11,4.9617,5.3585305
MnTl2H12(SO7)2,3.9623,3.4547465
KCS(OF)3,5.3392,6.0489635
Tm2S3,2.3929,1.2420375
K3La2(NO3)9,3.4725,2.6953707
Na4SiO4,3.2221,3.1406753
Mn3Co3(TeO6)2,1.445,0.85312253
CdSO4,3.0499,2.105168
KTb2Cl7,4.6587,4.8307037
ZnSn3(P2O7)2,2.299,2.718923
Fe(AsO2)2,2.5252,2.0839868
Rb3Pr3(PS4)4,2.3249,2.4042125
LiSi2(BiO3)3,3.1438,2.848426
PrZrF7,5.943,6.0197563
Mg14ZnGa,0.0,-0.016911149
CaVBiO5,3.2484,2.6159093
BaYF5,6.76,6.6191907
MnCo2Si,0.0,0.032182485
Na3WO4F,4.4655,2.9115934
CsLiI2,3.7263,3.8774512
LiMn2F5,3.1901,2.8353508
Cu,0.0,0.33820564
Co(PO3)3,1.2056,1.0083305
CsHo3,0.0,-0.18121468
Zr2P2SO12,4.2533,3.6866405
TmSeClO3,4.3368,3.5761302
CoW2O7,2.4277,1.2704632
SmP4HO12,5.7384,5.4395976
NbS2,0.0,-0.0006226748
CsMgCl3,5.1261,5.180198
Na2SnSe3,1.3647,1.282064
Li8SiO6,4.4509,4.070449
CsIn3O5,1.47,1.555018
Ga8Cu3Mo2,0.0,0.09472248
LiPH3NO3,4.4821,5.02865
La2CdS4,1.9974,0.41275257
VF5,3.2025,1.5569192
NaRe(SO6)2,0.0,0.41847342
Fe3O4,0.3799,1.3774552
Rb3IrF6,2.5271,2.4134476
Cs2NaGaF6,5.9704,6.1319118
YbSiO3,4.0689,4.4297013
K2Ag(AsSe2)3,1.401,1.1875218
Na2LiAlF6,6.546,6.9258647
CaAl2Si6H10O21,5.1378,4.689058
RbFe(MoO4)2,2.3779,2.0865014
Rb2SiF6,6.9955,6.072232
NaLi9Fe10(SiO3)20,2.7254,2.8090024
Ba2CdGe2O7,2.9166,3.1631076
MgSbRhO4,0.1132,0.20295028
Ca4Ta2O9,3.9835,4.169122
Rb4SiO4,2.7076,2.4329472
Na3CuO2,1.1506,1.0179093
Y(ClO4)3,5.0166,5.7458186
SnCNCl3,1.4742,3.2085958
AlFeF5,4.2584,3.990481
B(HO)2,4.79,5.482055
Na2Si2S5,3.599,3.0722826
CaHo(WO3)2,2.1149,1.1637412
CsMgPO4,4.4168,4.521173
Nd2GeO5,3.8858,3.2927291
Zr3V9Ge10,0.0,0.06610441
Sm(ClO4)3,5.6716,5.011383
Sr3(SnP2)2,0.9885,0.4200166
CsLiO,1.6344,2.9108753
BaMgBiF7,5.3421,5.1739144
LiVF4,2.4249,2.4589338
Li2VF6,1.9112,2.3099551
BiC8N4Cl7,0.7131,2.697903
Na2Al2B2O7,4.24,4.100284
MnV2Fe,0.0,0.026923597
NdV2IO9,2.5118,1.3354995
HAuO2,1.29,1.6968353
HfZrO4,4.0722,3.1307092
TbCrO5,0.5141,0.7586253
RbCu3S2,0.4676,1.7007347
PHN2,4.6542,3.8595865
Li4V5Cr3O16,1.1119,1.3136754
KLi(BH4)2,6.1328,5.684361
NdH11S3O16,5.618,5.3582683
Ba10Ru3W(Cl2O9)2,0.0606,0.9529754
K2Sn(AuS2)2,1.6433,1.7406452
KBe2B3O7,5.5029,5.6218762
NaCrF4,3.2336,3.3179617
Na2Al2Sb3,1.1022,0.193917
Hf2N2O,2.043,1.9182618
Na4YZn(PO4)3,3.8856,3.766021
RbInF3,2.4848,2.6765497
Ag2CO3,0.0,0.91658956
K10Zr3Cd(MoO4)12,3.3373,3.169647
Rb3SmCl6,4.9466,4.5386047
KB6P(H2O7)2,6.1481,5.483086
RbPt2Se3,1.006,0.8974813
SnH20C7IN,3.3954,2.7556381
Th(MoO4)2,3.5974,3.6364114
CaFeO2,1.806,1.2591002
MgSiO3,4.9532,4.283934
Ba5Eu8Zn4O21,0.0,-0.15635844
PbO,1.4636,1.415804
Rb2CdCl4,3.1677,3.8896837
Li8NiO5F,1.1343,2.585428
LiErSe2,1.7208,1.7675426
Ca2W2O5,0.0,1.3607624
SrLiNdCoO4,1.6196,1.4483058
Tb2ZnCu,0.0,0.3869893
Mo15N16,0.0,0.42765868
Ba4Er3F17,6.4907,6.5920515
Mg30AlCoO32,1.1912,1.9266949
LiFe4(PO4)4,0.7566,2.164306
LaGa,0.0,0.0775387
MnB4O7,2.4538,3.6943712
CsB3H8,5.9576,5.2973113
Ca(C2N3)2,4.5539,3.3574789
Na3Sr4Al5F26,7.0486,7.059498
NpCo3,0.0,0.14102627
CaSiO3,3.6891,4.336815
LiLuO2,4.8139,4.7355413
Sb2P3(HO3)3,3.9076,3.8540967
PH5NO3F,5.5395,5.4744864
Na3SrPCO7,4.069,4.1819263
ThSiO4,4.6509,4.5426946
K3Lu(PO4)2,4.9407,4.723127
ScH3Br3N,3.1435,3.6044128
LiSc(GeO3)2,3.6059,3.5207932
AlP(H2O3)2,5.597,5.490072
Ba2PrNbO6,3.0394,2.939512
K2Cu(PS3)3,1.9627,2.042649
Na2Si(S2O7)3,5.5087,5.226626
Na3Nd9B8O27,3.9569,4.7331214
Zn4Sn5(TeO6)3,1.3969,2.0812588
Ca(BH4)2,4.9736,4.7883244
Fe2OF3,1.3398,1.6138649
K2NaPrCl6,4.7855,4.2064414
Rb2ZnH4,4.0139,2.639884
Mg4SiGe,0.0054,0.0027345568
Ba6Nb4S13O3,2.3692,1.3404617
Rb2HBrO,3.3099,2.6145914
Ba2MgMn2CuF14,1.1337,0.5824134
Na9Nb2Zn4(PO4)9,1.957,2.0463488
MnC5BrO5,2.8045,2.8799784
RbF3,2.1173,-0.4037444
Li3FeF6,3.8366,3.4562795
RbAsF6,5.0688,4.459391
Ba6Ca12Cu15Hg3O37,0.0,0.59198236
Cu2H6C3N4O,2.1485,1.9651855
Sm6Mg(Sb5O12)2,0.4072,2.6347377
Cs2LiNd(BO3)2,4.4762,4.0710998
Sm2SeO2,2.1358,0.74685824
RbAl3(P3O10)2,5.4386,5.3051214
KCuTe,0.6037,1.253912
Ba3SiO5,3.2422,4.1599927
LiFe4P7O24,2.3447,1.6310244
Li3NbO4,1.0786,1.9945115
LiHSeO3,4.3019,4.192494
ThNb4O12,1.7238,2.5354269
LaSc3(BO3)4,4.3047,3.42995
TmF3,6.1669,5.0658765
CS14,2.5569,2.377231
NaMg30FeO32,3.0685,3.0193436
Si3N4,3.9076,3.8632658
Ho3SOF5,3.6385,3.7301333
ZrBi,0.0,-0.04361759
CsTmP2O7,5.1972,4.9345145
Rb3SbF6,3.7051,4.290137
MgMn(CO3)2,4.0789,3.1666873
K2C7N4O,3.0002,3.3453085
Na2CoP2O7,3.0598,2.2668798
Na2AlAgF6,2.2358,3.0852768
BaBeSiO4,4.6114,5.0221605
NaAl11O17,4.4114,4.284977
Na3Zn3In(SO4)6,3.417,2.8769338
BaLaInO4,3.0545,1.9968979
Tb2SO2,2.9772,3.1141534
Na3Sc2(WO4)3,2.1122,3.484245
Li3MgPCO7,5.5024,5.718194
Li7VN4,2.1867,2.3461604
SmFe3,0.0,-0.073505536
NaHo2F7,6.6014,7.2076735
BaC2(NO)2,4.5717,4.5392175
NaLa4PS5O24,3.4331,3.712591
Pt4SeS3,0.2287,-0.13376944
Na2YMoPO8,4.2058,3.2141194
CsVH12(C2O7)2,2.5736,2.698362
Rb3Nb6SBr17,0.5826,-0.0020941794
Ca2Be2P2O9F,0.7538,5.6222987
La2MgMoO6,1.9261,1.6625631
K2UCr(IO6)2,2.141,0.60924065
H5IO6,1.266,3.110409
NaEuTiO4,0.0,-0.26839167
CsNaSe,2.027,1.7309436
ReO2F3,3.4309,3.550442
NaMg2H3(SO4)2,4.9082,5.520246
K4Hg3Ge20,0.0,0.07891701
LiBH4,5.483,5.955446
Li4Co3P4O15,2.8956,2.4642665
Ba3(BN2)2,2.5859,2.4050233
NaMgCl3,5.2704,4.9501762
KHS,3.2248,3.081169
NaZnAsO4,2.805,2.24777
K4MgV2(CuS4)2,0.0,0.94816196
Mg(AuF6)2,1.3455,1.0930765
Li3Ta5Cu2O15,1.2713,1.2723844
HfBiO4,1.0512,2.172564
LiCaGaF6,6.4003,5.6548257
AlBiCl6,3.7568,4.977798
TmAgS2,2.1628,1.2693586
KIn(WO4)2,4.3176,3.6974535
Na3GdV2O8,3.4467,3.2406266
PrF3,5.456,5.403233
Mn4Se4O15,0.417,0.6610333
KNa3Mg4F12,6.57,6.6287723
Hf23Se25,0.0,0.07118669
K2CdO2,1.3562,2.9546456
CaMnGeO4,1.7548,0.5330837
RbSnBr3,2.5418,1.8478899
Tm4Al2O9,4.5176,5.054989
NaHf2VF11,3.1712,4.5612636
Er3ReB7,0.0,-0.03159365
Zn2PdAu,0.0,0.1949158
Mg2Ti3CoS8,0.0,-0.087181315
Pr3CoBr3,0.0,1.6523216
PH10N2O4F,5.1524,5.1175766
Li2FeSiO4,3.2364,2.9898374
Ba3As2H34O25,4.1695,4.1616983
Tm15C19,0.0,-0.054112524
Sn3H8C2NO7,0.0667,3.051823
KOsNOF5,0.9869,1.001326
LiFePO4,3.3962,3.8425455
Gd3AlN,0.0,0.13471228
PrMn7O12,1.0533,0.25633746
Tb2TiO5,3.3009,2.9949296
Fe2Ag(MoO4)3,1.1415,2.026134
CN2,4.6605,2.6896913
Li2BeF4,7.7223,7.655268
AlTlF4,4.4333,4.604357
MgAl2O4,5.1095,4.6650305
Ho15Si9C,0.0,0.082975805
Ba3B(PO4)3,5.05,5.4692283
FeOF,0.0,1.5739923
LiCaF3,6.5153,7.053675
K5Y2Si4O13F,4.3475,4.4042144
Ga(HO)3,3.9181,3.4023693
Na10Ti5Zn3(PO4)12,1.7349,2.2017517
Li2GeF6,6.0486,5.2212987
YPO4,5.8009,5.1248612
CsNaSi2O5,4.7271,4.347401
Cd3Si2Pb3O10,1.3925,2.9438083
Li10Ge(PO6)2,4.4932,4.081787
CsBS2,2.8051,2.1714282
BaSrCaFeO6,0.0,1.2782288
K2MnF6,3.3462,2.7737985
Zn3P2(HO2)4,0.0,3.8135126
ZrFeTe,1.1558,-0.0049797446
KNdPdO3,0.6506,1.6707779
Hg4BiSe2Cl5,2.105,2.2933385
SiO2,5.4377,5.2596254
KYSnWO6,2.1069,2.1735494
K2CrSO7,2.4957,0.8412688
Na4Mg(FeO3)2,1.6382,1.6403313
Rb2TiV3(PO6)3,2.2286,1.7307441
NdEu(FeO3)4,0.0,0.13323915
Li9Mn21O40,0.3657,0.47547323
Cd3(CuP5)2,1.2626,1.2064317
MgV4Zn2O10,0.6754,1.1854155
Fe(ClO2)2,2.2922,2.0182836
BaSiO3,4.5345,4.507019
Tm2P4O13,5.7551,5.6571174
Na3GaN2,0.5618,0.9788901
Y(HO)3,3.9473,4.5939136
TlCdF3,4.1944,3.6005204
Li2NiP2O7,4.1209,3.8761408
La(SmB8)3,0.0,0.40356338
Na3MgP3(H12O11)2,4.9643,4.876152
KLiGdF5,4.5921,4.3888297
TlSbF6,4.3334,2.7241724
CsAuF4,2.4472,0.7253674
ErAlGeO5,3.7548,3.9313471
Na6Al4Fe(Si4O13)2,3.2025,3.785919
GdSBr,1.6455,3.0307925
BeF2,6.805,7.5020633
Rb2HgSe,0.3879,2.1087573
ThGaNi,0.0,0.008394241
LiMnPO5,1.2954,1.2334638
Li2FeF5,3.7284,3.5146015
C,0.9122,2.9690025
CeMg14Cr,0.0,-0.02004686
NaBi3(IO2)2,1.8933,1.1254516
K3SbS4,2.1851,2.219941
MnTe2O5,1.7152,2.0508142
ScHO2,4.4857,3.8917625
SmH32C8N4Cl7,4.8273,4.619622
Pr3Tm,0.0,-0.0045189112
CaAl2Si(HO2)4,4.36,4.723866
Cs3TlF6,3.3184,3.7481973
CsB(CN)4,6.3553,6.611815
Li3Mo2(PO4)3,2.727,2.94588
KCd3H8Cl7O4,3.7253,3.1838238
KGaGeO4,3.1871,3.2970777
Tl3PbCl5,3.3964,3.3669763
Rb2Sn(H2N)6,2.5357,2.7602108
La4Ga3FeO12,2.529,3.3311074
B3C3N7,3.5848,2.7863839
Na3NpH2Se2O11,0.679,1.4522144
SrCl2,5.5675,1.4812752
LiCrO2,3.1156,1.5429435
TiBi6(PO8)2,2.5912,2.4468565
Rb3BiBr6,3.4159,2.299714
BiB4(HO3)3,4.233,4.354014
Mg14SiSnO16,2.7181,1.7087468
Na4Sr(SiO3)3,4.2471,3.7180283
RbFeH4Cl3O2,2.9369,2.221719
Na2Sr6ZnFe6F34,3.4149,3.4454474
Mg14MnBi,0.0,-0.04072492
Y(SiOs)2,0.0,0.039834328
C2N,3.119,3.2999303
La16Mg2Ga14O47,2.7937,3.732707
La8Sb2Se15,1.5417,1.3191482
Ba2B2O5,3.8041,4.2001805
SiO2,4.9688,5.2596254
AlPO4,5.3524,5.239519
Mo6PbCl14,2.5746,1.4938471
LiVOF3,2.4493,2.0962148
CaH6C2(NO)4,4.7295,4.0915556
NbPd4,0.0,-0.040007517
DyRu3,0.0,0.086969994
Ba3In(BO2)9,4.7536,4.356027
K2RbErCl6,4.5391,4.863213
Al2P3H9(CO3)3,4.7351,4.960095
ScH12N3(OF2)3,6.0166,4.8469443
V4O7F5,0.2587,1.6425878
KIn(TeO3)2,2.8719,3.1165488
Na2P2PbO7,4.2908,3.497443
Al2H12(SeO5)3,4.7451,4.1212444
VBi(PbO3)2,2.5687,1.8991141
YInHg2,0.0,-0.0043144375
MgPH13O9,5.7485,5.103487
MgV2O4,1.5839,0.98245716
TaTlCl6,2.7749,2.6794322
Li3Fe2OF5,0.0,2.542898
FeP(H2O3)2,2.6924,2.2697206
RbYbS2,0.0,1.3302577
FeSnRu2,0.0,-0.0002938509
ZnSiH12(OF)6,5.3956,5.2367115
LiPH21S3N7,3.2702,2.9547265
B10H13Br,3.3357,4.319745
Pr(Mg4Al3)4,0.0,-0.07312587
CsGaNiF6,4.4905,4.3402057
CoSO10,0.0,0.19975226
Eu2Ge(BO4)2,0.0,-0.0358427
BaCa3Zr16(PO4)24,4.1781,3.615363
TeAs(SeF3)2,1.4618,1.5679381
Ba4Bi2O,0.2841,0.022867866
AlPO4,5.6196,5.239519
Y2O3,4.5568,3.7574503
Rb2Zr2O5,1.692,3.7159653
KMnAs,0.0,-0.049336568
K4Sr(SiO3)3,4.1609,4.1598487
LiFe(SO4)2,2.0509,3.2483215
Ba2HoMgSbO6,1.7646,3.5989094
Ca2B5H2ClO10,5.0182,4.969439
K4CO4,1.9637,2.6936889
Li2B3H14N,6.3948,5.548085
Sr2GdGaO5,2.3393,3.0349243
K3YBr6,3.7851,4.0129995
BaCaB2O5,4.4673,4.5593395
ZnN6,3.3933,3.3620994
CsVZn(PO3)6,0.0116,2.8181746
Cs2YCl5,4.7015,4.329597
K3ErCl6,4.6701,4.7712216
TmClO,4.5304,4.8539343
K2Zn(CN)4,5.8999,5.6177506
Rb2LiYCl6,4.9273,5.093893
Na9Fe2P4HO18,2.4284,2.6659143
Li2AlNiO4,2.0236,1.5765905
LiLaO2,3.7336,2.9529555
NaClO3,5.6332,5.068856
TiH8(OF2)3,4.3532,3.699482
V6C5,0.0,-0.111773476
SrCa3Hf4O12,4.44,3.7885385
Na4LiNb5O15,2.8431,2.3688412
SiO2,5.66,5.2596254
Ca2P2O7,5.7342,5.5108914
KFe2Se3,0.0,0.02528783
B2O3,8.3751,5.8012395
MgCd2(MoO4)2,1.7311,2.444205
Th(MoO4)2,2.7905,3.6364114
Be(GaO2)2,2.8899,3.2709239
Ta2Zn2FeO8,3.4513,2.2680933
Zn2MoWO6,1.647,1.029017
Lu2(SO4)3,6.0358,6.136957
Li5Sm3(SbO6)2,3.4534,3.0324483
SrO10,0.0,-0.7458434
SnGeO3,0.0,2.0416467
Na8Zn3Sn(PO4)6,2.0536,2.8686502
LaP5O14,5.0172,4.9294467
LiB(HO)4,5.7468,5.4078074
KLi2(HO)3,4.2639,4.1896152
H6C2S(BrN)2,2.6829,3.458337
KNaAs6(PbO3)8,3.4598,2.4877484
Zr6MnBi2,0.0,0.0063599795
RbAl(SO4)2,5.4928,5.4512296
K2Si4O9,4.4376,4.5866876
Eu2Ga3Ir,0.0,0.017214313
B5H9,5.9647,4.6170907
BaNaPrSeO6,1.9163,1.9585674
Li(BH)6,5.4961,4.519543
BaInF5,4.7954,4.5337806
LiFeF4,3.2528,3.4657857
MgPt5,0.0,0.002513513
Mg14SiBiO16,0.1585,2.5287638
Rb2GdGa(SiO3)4,3.3463,3.4422615
K3Nb3(BO6)2,2.3377,2.5036504
Rb2GaB5(H4O7)2,5.1946,4.692306
K5Na3Nb7WO24,0.0,1.9070139
Cs2LiPrBr6,3.9721,3.9897244
K2CoP4(HO2)8,3.2712,2.804919
CsRbMg14O15,1.5641,3.4530535
Na3HfZn(PO4)3,4.4181,3.8452017
Ca2FeWO6,2.5738,2.3336315
Al11TlO17,4.5903,4.4102993
MgH6S2O3,4.4439,4.2769985
K2Zn(SiO3)2,3.9235,3.9012325
UH5(SeO5)2,1.1887,2.3179188
Er5Ni2Bi,0.0,-0.025745168
LuBO3,4.2791,5.0030813
ZrGeP2SO12,2.7413,2.170227
BaB8H4O15,5.6377,5.575649
LiCaCrF6,3.7879,3.9702733
Be2PdAu,0.0,0.025830097
Ag2SnBiS4,0.0,0.9088335
Fe3WC14(SO7)2,1.5473,2.0675206
AlBr3,4.0992,3.9181724
MgB7,1.5414,0.30759138
SrSbO3,0.0,2.0806444
LiFePH2O5,3.5129,3.2982328
Tl6TeO6,1.5633,0.96527886
MgCrAsO5,1.609,1.4885799
Li6ZrBeF12,6.1894,5.2128625
Li4Ti(TeO4)3,1.6411,2.720454
H10SO8,5.508,5.4511113
Rb2SnO3,2.1213,2.6171882
CSCl2,2.957,2.4045427
K2ScAuBr6,1.7408,1.9987258
Li2Fe3SbO8,1.4619,1.0226631
Ce2Nd2O7,2.075,1.5667956
Na7Zr6F31,5.2616,6.075519
Na3Hf3Al(PO4)6,4.7382,4.817862
Na14Ca5Hf3(PO4)12,4.4009,4.270799
Na3SiBiCO7,3.4077,2.47424
Mg2BiAsO6,3.3424,2.0378
Y4Al2O9,4.3738,4.202233
AlH3,2.1977,3.637521
H2Pb4SO8,2.8007,2.9523752
Na2BeB2O5,4.7156,4.5055833
SrFe5P5O22,0.9822,1.2679174
Y(Al5Re)2,0.0,0.035480924
GaBiS,0.0,0.32243526
Na3P3HO9,3.43,4.8305078
Na10Nb7Ga(SiO4)12,2.743,2.4072597
LiCoPO4,3.1252,2.4869142
Li2Cr2Si5O13,2.957,2.3832583
Na2Eu2Ti2O9,0.0,-0.25435293
Bi2(SO4)3,4.177,4.2294745
MnBePO5,2.0764,2.8039663
Na9Sr2Nd9Ti20O60,2.1522,2.109732
CsSbH4O5,3.4555,3.657792
Dy5Si2BO13,4.5395,4.379938
Li2Fe3(SiO4)2,2.4332,2.5370855
CsP(OF)2,5.1874,5.126842
NaLiB4O7,5.8776,5.228183
Al2Si2CNO10,0.0659,2.971826
Er7CoI12,0.4399,1.4547302
Li2V5O12,0.0,1.3580372
BaNaTbWO6,2.8478,3.3531992
H8N2O,3.911,4.388924
Rb2NdAgBr6,3.3063,3.141966
Sr2AlCO3F5,5.4108,5.990917
K5H(CN2)2,3.8833,3.0491765
Ba(BH)12,5.8133,4.2036104
Na5AlP2(O4F)2,4.6651,4.7107253
VBiPbO5,2.9255,2.2150223
Sc3RhC4,0.0,-0.035887703
Tm3Sc2Al3O12,4.9796,4.5237393
Na7Sc3Zn(PO4)6,4.402,3.6650724
Hf3Sc4O12,4.2033,4.046141
SbRuSe,0.7549,-0.004853472
Tb(BO2)3,5.2478,5.3952603
La2(SO4)3,4.7165,5.2131457
LiSnPO4,3.5835,3.234677
CsSm(MoO4)2,3.6407,3.8676903
K2CrO4,3.2795,2.6618328
Mg6MnVO8,3.3983,2.9381487
YOF,5.6328,4.8878293
KBaPS4,2.3898,2.5642872
Li2U4W4O25,1.9179,1.6719526
Na2Nb2(P2O7)3,2.6478,2.2506492
K2B5H5O11,4.8985,5.255242
K(MoO2)4,0.0,1.8840965
KRe4O8F13,3.1423,2.7127934
LaNbO4,3.9322,2.639919
Ba4Ti5PbO15,1.7552,2.4069276
TaBi(WO5)2,0.0,2.54717
NaYTa(PO4)3,3.2051,3.0444834
CaHo(MoO3)2,1.3182,1.455281
Cs2Mo5O16,3.0849,2.8629014
Ca2Ta2TiO8,0.0,2.982557
YbBO3,4.9925,4.8690553
AgBF4,3.157,3.2370586
AlV2O4,0.0,0.6321645
CeIn2Pd3,0.0,0.024995685
CeHfO4,1.9346,1.7673798
Ho2MgAg2(WO4)4,2.3238,1.9436476
Cs2TbAuCl6,2.181,1.3518515
Rb2B10H6O19,5.7894,5.368498
SrCaLaSbO6,4.6038,3.0412302
CsBi2Br7,2.8535,1.8534255
CsMoPO6,2.8603,2.8603299
Dy3Al5O12,4.6542,4.9900565
Li2TiV2O6,1.3883,0.9557247
Ba6Mn2Zn(ClF2)6,2.8883,3.8007882
Li3Al2CrO6,3.9552,2.2788467
Lu(PO3)3,5.9168,5.867246
Li7Ti7Nb5O30,2.1219,1.8389589
CsNa3P4(H2O5)3,5.0753,4.979523
LiFe(CO3)2,2.2985,1.9913969
SrLi4NiO4,2.7264,2.0663695
LiMn4(PO4)3,3.3657,2.469066
PmTlAu2,0.0,0.2494223
Mn2Cr3FeO8,1.7368,0.9002013
Mg2SnSe4,1.3466,1.0938803
Cd5(S2Cl)2,1.391,-0.027338445
CaAl2O4,4.1905,4.016905
KNa(BH4)2,6.3524,5.5551467
PmHoRu2,0.0,-0.0018688142
Na3AlP2H2O9,4.4885,4.617863
Tl2Ge2S5,2.1621,1.7471241
Fe4NiSe10,0.0,0.03424125
Na2P2H12O11F2,5.2595,5.40342
Rb2TlGaF6,4.4038,4.214077
Na9Fe2O7,1.6267,1.5173471
PCl3,4.051,5.2620764
Cs2K2B10O17,4.9336,5.0219884
Mn3Si3O10,1.2804,1.1125386
Na3NbOF6,5.1009,2.5261397
CaAl12Si4O27,5.2362,4.2675996
K2Ag4Pt3(NO2)12,1.8494,1.8421763
Ba3NdIrRuO9,0.0009,-0.42563772
Li2MgCl4,5.4766,5.5700364
Na7Fe7P6(O8F)3,3.089,3.085367
H5S2NO7,5.2538,5.4805274
SiO2,5.6664,5.2596254
Li4V2Fe3Co3O16,1.1416,1.6172073
H10C3N3Cl,4.8385,5.5616775
AgI3N2O,0.0,0.5649106
Y3Ga15Ru4,0.0,0.07622577
Li10Fe3Sb7O24,1.0632,1.701544
K4V5CdClO15,2.3346,1.7699157
Li4CO4,4.0021,5.3848896
Na6Mn2As(CO4)4,0.0,1.8037517
BaZnF4,4.5489,4.451136
Cd(NO3)2,3.4581,2.0842702
K2TbNb5O15,1.867,2.3283777
FeP4O11,3.5754,2.9949195
Rb2Cd2(SO4)3,3.0499,3.7372065
Ti3Cr17Si12,0.0,-0.004692197
Cs2TaAuF6,1.1619,2.0308478
Zn2H10Cl4O5,4.2624,4.4366603
Na2UI4O15,1.9628,1.2328229
Cs2NaYBr6,4.2176,4.160188
ZnC2(N3Cl2)2,0.1566,0.3561147
Nd(HO)3,3.5877,4.1771283
Rb2WCl6,0.0,2.350623
K2NaSbF6,3.9986,4.3142195
TaTiFeO6,1.3284,1.6486219
Na8Si7O18,4.4437,4.1021643
HgH8C2Br3N,2.5334,1.2250652
NaCeSe2,0.0,0.081318356
Sr2ScF7,6.3693,5.2058797
SiH9C3Cl,5.7642,4.408502
ZnCoTe3O8,2.8426,1.6969042
Er3S2OF3,1.7451,0.91502416
MoF5,1.2841,3.3578346
Zr2Ga(PO4)3,4.187,3.612035
Na2TiSiO5,2.9703,2.4375153
YbPmCu2,0.0,0.015271932
Ca4I6O,3.2908,3.0336215
BHN4,4.359,3.2963917
K(B7H6)3,4.3822,4.1576905
CsCaMg6,0.0,0.20483765
Rb4Mg(Se2O7)2,1.5472,1.7527454
Mg2NiWO6,2.5452,2.8387468
Cs2Ca2(SO4)3,5.6575,5.184994
AlH11SO10,5.6133,5.2822194
KB(S2O7)2,5.601,5.4216523
Sr(PN2)2,4.271,3.6402996
H13(C5N)2,3.1208,3.6133971
TaVO5,2.2311,2.2402134
Fe6Ge2(CO)23,2.1928,2.1150334
SrCaZrSnO6,3.724,3.0195134
CoP3H33C11I,1.8674,2.5679388
Nd4Ag2Se7,1.668,0.9077903
Cs2SnF6,5.3369,4.189862
Rb3B12H12Br,4.7451,3.9639003
Cs2Li3F5,5.7016,6.5595794
Co2SiO4,0.0,0.55841863
Li3V2(OF)4,0.0,1.7817366
Li2Cr2H4O9,2.6274,2.9179728
Ca3Fe2(SeO3)6,1.9936,2.3776326
RbIn(WO4)2,4.2653,3.5118258
K2BeCl4,5.2411,5.5808377
Yb4SmS5,0.0,0.3817423
Nd10Si10N17ClO9,3.1041,2.3657682
Li5SbS,1.0804,1.2337221
KY(WO4)2,3.4953,3.994199
Ca(BiO2)2,1.593,1.5255935
Li2BiF5,4.0596,4.8452477
ZnH6,4.6204,3.608862
CaHfO3,4.4855,3.8849416
KB3(HO3)2,5.1004,5.2743616
KCo(CO)4,3.8027,2.8979957
TiZnO3,3.1234,2.3805158
MnH6(SO4)4,5.2799,5.234532
RbIn(MoO4)2,3.7563,3.2822063
NaSrB5O9,5.4486,4.776541
SrMgP2O7,5.6299,5.8321805
NaHO,2.802,3.0881836
Gd2CdHg,0.0,-0.03949745
Ca(AsO3)2,3.3115,3.5047095
RbBe2BO3F2,5.9642,5.9336095
Li2BeSiO4,5.5993,5.305739
InCo3(CO)12,2.673,2.627985
CaH4NClO5,3.5664,4.184836
UH4(BrO2)2,1.6692,1.639654
Pr(PO3)3,5.4848,5.6825147
Li3H4IN2,3.6707,1.5820796
SiO2,5.774,5.2596254
K7Th6F31,5.8527,6.4507003
Ca4Fe5(Si3O14)2,0.0,0.15994944
ZrReSi,0.0,0.008530565
Na2GaCuF6,0.0,0.29705995
Sr(SO5)2,1.349,3.2906058
EuZnGa,0.0,0.061503313
Li3YBr6,4.1363,3.8156905
SiAg2(S2O7)3,3.5296,3.1819499
CaAl2SiO6,4.6057,4.562834
Ag3B5O9,1.8021,1.802567
Rb2LiNdF6,6.6083,6.3502836
Li2CoSi3O8,3.3332,2.470156
Cs2NaTbF6,6.8618,6.3514752
Na2GeS3,2.4515,2.129699
KNaReH9,5.4451,4.428617
Fe3H9S2O15,1.9553,2.3257105
Tb3GaO6,3.6054,3.0615966
CdH6(CO3)2,4.6025,3.5542958
Sr2LiReO6,1.8424,2.4222121
Rb2V3O8,1.9907,1.7963104
Na3Y(PO4)2,4.964,4.7833695
PbCl2,3.7939,2.0899093
ZnH4(IO4)2,3.2913,3.2303565
Pr3GePO9,4.7801,4.352636
NaSm(CO3)2,4.6763,4.1865897
Er5B2(O2F3)3,5.9864,6.3534865
Rb2SO4,4.9943,4.583418
Li5FeHO4,2.49,3.0896766
MgH6(BrN)2,4.5465,4.2850156
Ho2Ti12(CuO4)9,0.0765,-0.3241673
BH3NF3,7.8767,7.4060407
RbB5O8,6.1992,5.3524027
NbTlWO6,2.9316,2.2133343
MgBi5,0.0,-0.031946704
InH3C2O5,4.2657,3.8898337
BaMgZn(FeO2)4,1.4749,1.1479114
Cs2GeB4O9,4.2749,4.1488156
LiCr2(PO4)3,0.0688,1.3034087
LaZrNO2,1.7294,1.7011741
KNiTeO6,0.0,0.91523075
SrTa4O11,3.5232,2.7585998
Ag3As2C3Se5N,1.246,1.7078288
ZnNiF4,1.422,2.767655
HoAl3(BO3)4,5.5914,5.101831
Ba3Si4,0.0,0.048556045
Lu2Si2O7,4.8449,4.9566755
ErGa2Ni3,0.0,-0.061169833
Li3SbS3,2.1814,2.3199968
Li2VPO4F,2.9157,1.8358533
Mg14CrCO16,1.601,2.1269655
SnPd3,0.0,-0.02500783
SrTcO3,0.0,-0.5224601
Rb2LiNd2(WO4)4,2.0222,2.9163883
LaBi2ClO4,1.3154,2.250611
LiCNO,4.8114,3.957053
Mg30CoBO32,1.0943,1.771943
Li8MnFe7(BO3)8,3.2957,2.481362
Sm2ZrCo16,0.0,-0.0042752028
H7NO6,3.1347,3.5138514
CoH14C2(NO)12,1.6765,2.6247904
ZnBr2,3.178,3.3800025
Sr2ScNbO6,2.942,2.8253603
Sr2Co(SeO3)3,2.9627,1.5607865
Nb4Fe3Si5,0.0,-0.03626795
Mg3P2(H22O15)2,4.8454,4.938707
Rb2ScSi4O10F,4.7662,4.6603312
Hg7(PO5)2,1.6085,1.4324238
RbSc(MoO4)2,3.6046,4.0031595
CaAgAsO4,1.3007,2.5242965
B3H10N,5.9859,5.6501
CaC2S2(OF)6,6.0209,5.9174337
Sr2V3HO9,1.9589,2.5191524
K3ErF6,5.9116,6.213329
MgCO3,5.4366,4.6682506
Cs5Re6S8Cl7,2.6061,2.1755743
K2Na4Ge2O7,2.9932,3.3545067
BaNaB5O9,5.1816,5.0220942
Pb,0.0,-0.052225754
AlPbF5,5.2623,5.5315013
Sr2CaTi3O9,1.9005,2.0209727
Cs2V2H2O7,3.0863,3.1676595
CaB2H10O9,5.2523,5.2627053
DyP3(HO)6,5.3411,5.3003793
Ca8Ti2Mn6O21,0.0,0.17375581
LiHS,3.8885,3.2785892
BaRe2H2O9,3.9279,2.917438
CsTh3F13,6.4017,6.1670012
KBH4,6.0959,5.998735
Li5SbS4,1.359,2.4191904
RbLu(SO4)2,5.8838,5.622934
NdZrF7,5.9106,6.646562
Bi4BPO10,2.8219,2.8288357
K3AlF6,6.2999,6.0947075
Ba(AlCl4)2,5.3891,5.6113944
Ba11Sb10,0.0,0.32497263
HfP2O7,5.3149,5.2828927
Er2SiO5,4.7586,3.9449327
VCoO4,0.2601,1.3092414
Na2B5H5O11,4.9655,4.97906
NaLaMgWO6,3.1531,3.3148873
VSbO4,0.0,1.6124456
LiNiBO3,3.2807,2.2800057
Li2MnV3O8,1.5143,0.9478469
MgCo2(PO4)2,0.0,2.2045944
K9U6BiO24,1.7081,2.0327005
RbNa2P3(HO2)6,5.1234,5.1241813
K2Ce(NO3)6,1.5001,2.4983447
Li5SiN3,2.16,2.5621321
Cs2In3,0.0,0.15747377
Th4H15,0.0,0.06855208
Rb3CrF6,4.2398,4.1001287
LiVSiO4,2.3919,1.584343
HgH4C12O3F8,3.5142,3.1856172
ZrH36C16(NO4)4,3.7828,3.9214456
ErP4HO12,5.5546,5.4906483
CsCr(SO4)2,2.7386,1.8923113
Sc3H20N5F14,6.108,6.1163783
Ba4Br6O,3.8526,3.4361706
Rb3(SO4)2,0.347,4.7630467
K4B10H4O19,5.1195,5.1282516
CSO,4.9077,2.3732994
Ba10Li2Bi4O21,0.0,1.5240071
SiRh,0.0,-0.056913972
Ag2Mo(I2O7)2,1.9611,0.6084848
Cs3Sb5O14,1.187,1.8502233
BeCl2,6.3359,6.2618585
KGePO5,3.3333,3.2416074
K2NaNb(OF2)2,2.4266,2.1831446
Nb2Co4O9,1.8793,1.2690649
LiH2SNO3,5.1849,5.23658
Y3Si6N11,3.0475,2.8089058
Sr2Co(ClO)2,1.4438,3.2377527
Cs3Fe2F9,4.0361,2.8798213
Sr(YS2)2,2.3397,1.7206857
H24PtC8(NF3)2,2.8681,4.847229
Rb2AlTlF6,5.3013,4.4868636
CsRb2FeF6,4.1741,3.2383132
NaClO4,5.4553,4.974625
V2B(PO4)3,2.2316,1.7168392
NdTl(PO3)4,5.2631,5.3020825
Ba2TbMgSbO6,1.7976,3.3418033
K3P4H5O14,5.4137,5.239953
NaSi8H7O20,4.2768,4.7399616
LiMn2O2F3,0.8295,0.4799695
MgAl6O10,3.4029,4.3641334
FeP2(H4O5)2,4.3922,3.1294758
Rb3Pr2(NO3)9,3.416,2.6589372
Na2Al2Si3O10,4.4513,4.349566
Ba2MgCoWO6,1.7935,1.0633042
Na3AlF6,6.556,6.290627
HfO2,3.3929,3.7280529
Al2H10S3O17,5.8156,5.757504
TiP2Cl8O3,2.7291,2.4451592
Pr9Al5S21,2.2704,1.4634413
Sm2Se3O20,0.0,0.2567644
NaMn2Mo2H3O10,2.4132,2.4158995
LiBH4,6.8235,5.955446
Ca2MgSi2O7,4.6043,4.5072985
ErBiW2O9,2.6869,3.0764458
TbSnAu2,0.0,0.18145052
MnCr3(PO4)4,1.1418,0.95149076
LiH5S(NO2)2,5.62,4.914682
H7C4(N3O2)3,2.2857,3.457919
H8CS(NO)4,5.1351,4.491056
CBr3F,3.3196,1.9733268
Ba5La2Cl16,4.2391,4.015617
LiAs2H3O7,3.301,3.5900486
VSb(PO4)2,1.9271,1.331046
Tm4Zr3O12,4.1281,3.2138171
K2Be(CO2)4,3.3987,3.5866044
SiO2,5.8978,5.2596254
LiPaO3,3.1954,2.6097493
PrTl2InSe4,1.2316,1.2994885
Rb8W13O43,1.8216,3.19572
Hf2(Co7B2)3,0.0,-0.034641355
K2YTlF6,4.3847,4.2005744
Na5Nd(WO4)4,4.8378,4.2008405
LiGa(PO3)4,5.0646,4.8856483
Si7PtN10,1.0481,2.3359277
TiMnSb,0.0,-0.06892897
Na7La3Zn(PO4)6,3.9349,3.5067644
Rb3NaPbO4,1.6632,2.145824
MgTi2ZnO6,3.1877,2.198602
Al2S3,3.0435,2.25222
Rb7U8V2ClO32,1.5465,1.7595229
Sm6Th4O17,1.9227,2.8308806
YH9C5(NO4)2,4.4848,4.1703277
Na2LiCl3,5.2582,5.3037744
VPO5,1.7727,0.830878
K2Mg2(SO4)3,5.6845,5.6211452
Ho2(SeO3)3,4.5358,4.147326
Li2P8W3O29,2.1807,2.9073703
TiGaRh,0.0,0.016049936
K2SiF6,7.1895,6.635511
Ca2Mn(PO5)2,0.2117,1.8191133
Na3La2(PO4)3,4.467,4.3798375
Na(Sm2Se3)4,0.0,1.3523263
MgAl2(Si3O8)2,4.4705,4.637943
NaBi5O8,2.3211,2.2936027
MgGaBO4,3.112,4.5346646
Li3ZnPCO7,4.565,4.2311215
CaH2(SO4)2,5.8501,5.8380284
MgPS3,2.7986,2.3718936
Te2AuI,0.0,0.4406761
Cr3Sn2Sb3O16,0.3996,1.2771801
Li3FeF5,4.8595,3.3671985
Li3Fe(BO2)5,4.0828,3.9368246
LiNiPO4,3.2181,3.255546
AsPb3,0.0,0.1166058
FeO,0.0,0.91157293
LiFeF4,3.1792,3.4657857
ZnBiF5,4.0915,3.3003905
Li2Cr(BO2)5,2.2557,1.8822217
Rb2LiScF6,6.7042,6.2950606
BaSrNdSbO6,3.5072,3.3053575
Kr,7.1748,7.0168977
Li4Be3P3IO12,5.3771,5.2110777
B3H4NO5,5.5239,5.415769
Na3CoBSO7,2.1221,1.974941
Sr2MgTiFeO6,2.5077,1.5403156
K2SrNi(NO2)6,2.1937,2.7235699
CaVF6,0.0,2.7849028
Al2O,0.0,0.09196597
Ca2Al2SiO7,4.3406,4.4896007
KEr(SO4)2,6.0163,5.2744784
C2S2N(O2F3)2,0.2045,5.4015207
K2PbO6,0.0,0.05411476
Mn(HO)2,1.734,2.1765325
H6CNCl,4.9006,5.690883
CaZn2H12(BrO)6,3.7922,3.2560878
Ba4Lu6O13,2.8207,3.7881896
Hf3GeMo8,0.0,0.10830842
In2H5(SeO4)3,1.9055,4.041674
Zn2SeCl2O3,4.124,2.4235225
Hf2Al,0.0,-0.055529788
BaCa(CO3)2,4.7734,4.4357715
MnBr2,1.5962,1.3446887
CeCuSi2Ru,0.0,-0.007218316
Na3Li3Cr2F12,4.1042,3.9311163
SiAs2,0.0,0.22787288
Mn2ZnH12(NO2)4,1.5236,2.5773394
ZnP3H12NO13,4.9589,4.346529
NdRe3(H2O5)3,3.7822,3.1836903
TePbF6,4.6038,4.567095
SiO2,5.6429,5.2596254
SnClF,2.5486,3.0655324
Zn22Ni3,0.0,0.06371445
Na2Al2P2SO12,5.0501,4.810882
NaNdF4,7.0629,7.1494813
Li4Mn3Fe(PO4)4,3.5657,2.7494547
CaYb3,0.0,-0.0831501
Li3Cr5O8,0.5732,1.9090536
Li2Si3O7,5.3594,5.0580807
Al2CdS4,2.7263,1.072941
BaBiClO2,1.5244,3.3655636
ErH2Cl3O13,5.2042,5.0122185
Cs3B12H12Cl,4.9577,4.0928335
NaYF4,6.8193,7.2339873
AlTl(SO4)2,4.9822,5.268087
Sr3TaAs3O,1.4951,0.95007503
Sn3PO4F3,3.7843,3.3483036
KNaMg2F6,6.2869,6.8332767
U2As3Se,0.0,-0.028503776
CoP2H18(NF2)6,2.6175,4.030672
Rb5(CoO2)2,1.1066,0.26648134
Hf15Mo11As2,0.0,0.06829674
Y2CrSbO7,1.894,1.0637156
Li4Ti2Ni5O12,0.2531,1.4001489
BaCaI4,2.9336,3.7807503
LiV2O5F,2.1494,1.52605
Ca(HO)2,4.1119,4.7811084
YBO3,4.2311,4.600106
Li2MnF4,4.1872,3.9595807
NdH5(SeO4)2,4.4243,4.105228
Sm(PO3)3,5.7294,5.6321135
Ba(GaP)2,1.4277,0.87056506
Sr3WO6,3.4362,3.5848644
CrN2,0.0,0.24271753
Mg(BH4)2,6.1889,5.3896537
NaFePO4,3.1401,2.6125185
CuPdAu2,0.0,0.036495432
B8O,2.3536,1.9044323
CaTlCl3,3.9626,4.6786885
SiCl2,2.0151,5.476899
LiCaN,1.3785,1.7982883
MgPb2WO6,2.7568,2.35165
In5AgSe8,0.2236,1.008087
CsLiMg6O7,3.3059,4.424172
Rb2B4O7,4.7246,4.739536
HoTmRu2,0.0,-0.010037854
LiCr2O3,1.3519,1.876976
KPS3,1.7149,2.6710348
KPr(WO4)2,3.8769,4.0507283
MgF2,6.4719,6.6905093
Ba2LuMgBiO6,2.0754,1.7141925
CsYbF3,7.0604,6.1454024
K2NaScBr6,3.0952,3.5901437
Li2Fe3SbO8,1.8918,1.0226631
K2Zr(PO4)2,4.4906,4.1686635
CsSrCl3,4.97,5.011166
TbH7C4O11,3.5579,4.201013
Lu5Si3C,0.0,0.13958532
Li3SbF6,3.3865,4.12162
InAu(I4N)2,0.0,0.2511884
Na2TiAl(PO4)3,2.5388,2.3683403
NaLiY2F8,7.3028,7.182136
CaP4(HO6)2,5.6369,5.5434813
Zn(BiO2)4,0.3638,1.7241923
VOF,1.0697,0.9966904
KMgP2H5O9,5.0563,5.1219506
LiCrO3,0.0,1.8886262
RbLuS2,2.3998,2.0483587
BaNaCeBiO6,1.6438,1.7312955
BaZnCl4,4.6302,4.315665
CaSnAsO5,1.7468,2.1441848
Zr6CI14,0.8999,1.585969
CaLaCrSnO6,2.8975,2.1072562
Mg2Fe5(SiO3)8,2.2768,2.378
Ca5P3O12F,5.5148,5.0674667
CsMnH4Cl3O2,3.9422,2.8520997
Na2ThF6,6.4738,6.0234447
Ca4Mg3Si8NiO24,4.7374,3.9529002
V2PbO2,0.0,0.08984381
BeH8(ClO2)2,5.6128,5.525332
Na4Hf2(SiO4)3,4.1797,4.0347123
Cs2Co(NO3)4,2.8266,2.541266
ZrCrF6,2.6153,3.9522266
BaNa6O4,1.6482,1.2565279
NaAlF4,5.7762,6.670045
Li3P2WO8,4.2206,3.74713
Li6Nd(BO3)3,4.5791,4.6314135
UGaRh,0.0,0.006779641
GeP,0.4889,1.4785991
BaNaVS4,1.5001,1.305012
Rb4LiH3(SO4)4,5.095,5.078545
Hg2Te4Kr3(O2F13)2,2.397,2.9139342
TiAlCo2,0.0,-0.010727376
Na4Si3(SnO6)2,3.1743,2.7569377
DyH4I3O11,3.7185,3.4180982
SiO2,5.0136,5.2596254
LuZr3F15,5.555,5.2913976
Ca2LaMn2O7,0.8753,0.32157195
K2MoS4,1.4128,1.5956037
KBiF6,2.7363,3.786942
Ba2ThS6,1.3091,2.0139952
Ba2NaMg,0.1331,0.03280636
SrNb2O4,1.3932,0.36926836
K5NaP3(HO4)3,4.7866,4.336287
Ti4Al11Ni,0.0,-0.123881504
KY(CO3)2,4.3035,3.5919902
Tm2TiO5,3.2759,2.3336928
K2RbDyCl6,4.5105,4.9963183
RbBe2F5,8.178,7.2651086
Tl2Te(PO7)2,0.0041,0.8358603
Er2Ru2O7,0.0,0.27632815
MgH12C3SO7,5.6736,5.1528506
CsScO2,2.9595,3.9793246
KTaF6,6.3737,5.9244475
CsB3O5,5.304,4.6961884
CaZrNbFeO7,2.4697,2.3456
Ca2MnO3,1.7349,2.5731704
Ba3(H6Ir)2,3.1535,2.9500668
KFe3P8(H11O18)2,2.8003,2.891598
Mo6H24C8N2O19,2.8572,2.9636543
Mg7Si4,0.0,-0.0012213588
KHCN2,4.0378,3.7782598
Li2O,5.4351,4.9990478
LaZnNi,0.0,0.036273383
AgN3,1.5714,0.30712968
Dy(BiO2)3,2.0037,1.725099
Sr2TbSbO6,3.4629,2.6862137
AlCuGeSe4,0.8905,1.0301791
SiAg5ClO4,0.4149,0.5758169
Te2H2O3F4,4.6208,2.6633406
Ba8Al10B12O41,4.4373,4.4900446
PbClF,3.5519,3.3936565
MgW2(OF4)2,4.4196,3.4918425
Ba2Na7Ti16Bi7O48,2.4513,1.978429
Li14P2(N2O)3,3.6018,3.1814992
CaCl2,4.8803,5.3811316
Rb2LiScCl6,3.7539,4.396892
LiFePO4,3.3709,3.8425455
Rb2NaScCl6,3.9108,4.153387
Rb2ErAuCl6,2.1263,1.801299
BW,0.0,-0.059207603
NaTi3P3O13,0.0,2.637492
Li2AlPCO7,5.732,5.6489444
H32WC8N4Cl7,1.6968,3.6933906
LaF3,4.816,5.569349
Ca2TiRuO6,0.0,-0.051981553
H2SO4,6.0775,5.951157
Li7Mn3(WO8)2,0.1005,1.5458891
SnP2O7,1.8802,2.8800979
Na3TiF8,1.2639,3.903717
CsRb2ErCl6,4.4266,5.046389
K2HgCl4,2.3613,2.356385
Rb2GeO3,3.2916,3.1998131
Li2Si4O7,3.0641,5.5628247
Rb3TmO3,2.0385,2.203658
La3Tb(PO4)4,4.7001,4.3306227
Mn(PO3)4,0.0,1.6110015
Li2BSeO4,2.3625,3.8537924
K2RbInCl6,3.7137,2.9059486
Tl2NiH12(SO7)2,4.653,3.6623538
K3SnHF8,5.1576,4.612096
Na2Al3As9O28,1.9093,3.5288827
Ba2CaI6,3.8727,3.6978455
Na5Y3Hf(PO4)6,4.0798,4.5412335
Tb2(MoO4)3,3.5679,3.6054056
Li3Mn(BO2)5,4.1238,4.4204526
TbZnRh,0.0,0.08163221
CaMg2(CO3)3,4.9118,4.84771
GeH3Cl,4.7492,4.27452
YCu(WO4)2,1.389,1.121979
Nd3TiCl5O4,3.5463,3.0877311
Na14Al8Si7S5O48,3.8199,4.0842648
Na6S2O9,2.9814,4.281099
HoTaRu2,0.0,-0.0068791956
Li3VF8,1.3865,2.472905
Nd2TlHg,0.0,-0.03295289
CaGeO3,3.4813,3.191891
Sr10P6BrO24F,5.0772,4.8392377
KEuZr2O6,0.0,0.9135727
Li3CuO2,2.6043,1.8517938
HoAsO4,3.609,3.2863872
Mg2Ta4P6(SO12)3,3.2048,2.0359735
Li4Mn3O8,1.7479,1.0070884
LiFeF3,3.4167,3.1835225
CaHf4O9,4.4894,3.89066
Ho6WO12,3.4002,4.4356213
Li2MoO4,4.4005,2.145627
MgAsH16NO10,4.4927,3.757754
Ba(MnSn)2,0.0,0.06478124
HgHClO4,2.3817,1.6003468
Li4Nb2Fe3Co3O16,0.8474,1.3000157
NdAg(PO3)4,3.857,3.9346633
Na2SnO3,2.4741,2.4156973
FeH7C3NO6,3.8417,2.68728
Ti2Ni(PO4)3,0.1584,2.0524845
KDyS2,2.3337,2.444146
K3BrCl2,4.4948,4.147204
ZnH6,3.2475,3.608862
Mg7Si2(H3O7)2,4.5577,4.382238
K2FeSn(PO4)3,2.7055,2.2293975
Cs2V3O8,2.1336,2.6953948
Ga3Te3Br,1.3147,1.6434989
Cs3Li4(BO2)7,4.5305,4.5475793
Li4Ni(PO4)2,3.5314,3.9165566
Na3YSi2O7,4.0067,3.8852582
CsLiBeF4,7.0366,7.045053
NaMg14FeO16,2.5933,3.5006058
ThURe4,0.0,-0.006459415
CaLa4Ga2(FeO6)2,2.3814,2.3003423
Ca2MgWO6,3.6923,3.5745025
NdP2H9O10,5.4423,5.248445
Rb3TbCl6,4.9842,4.7291546
Cs2Li3Br5,4.5049,4.8913755
RbLaF4,6.0875,6.4231615
Pr2Mo4O15,3.2004,3.310729
KSbMoO5,3.2057,2.8762476
Na3Sr4Cr5F26,3.3267,3.4365876
Tb3Fe5O12,1.6714,1.4994137
MgMnF4,4.25,3.7906108
RbNaS,2.2945,2.0112796
MgF2,6.3826,6.6905093
P(HO)4,5.923,5.7431335
CsCuCl3,0.5494,1.5541986
BaSrNbBiO6,1.9496,2.140365
K3PrBr6,3.7651,3.8149235
Li3Sb(PO4)2,2.9062,3.4869983
Tb4Al2O9,4.0883,4.6168585
NaBH4,6.3086,5.5005345
CoH13C2N4O9,2.8847,2.804625
Si(H3C)2,3.6294,4.1334515
LiC4OF9,6.0742,5.7221904
Li2MnNi(PO4)2,3.0503,2.088084
Na3Fe2(PO4)3,2.179,1.8995402
Rb5H5(OF3)2,5.3491,4.4852414
BH17C5N2,4.2447,5.7358055
NaCr12Si8ClO28,2.1639,1.8540366
KLiYF5,7.0274,6.6282625
Ga2S3,1.8097,2.061973
NaMgSc(SO4)3,4.2888,4.247894
Li3V2OF7,2.1966,2.001749
Ba3WO6,3.1514,2.7530196
Li4Fe2Si4O13,2.7804,2.4489439
NdH3(SeO4)3,3.042,2.8613422
K2NaGdCl6,3.1345,2.2501242
Ba3Ca3(MoN4)2,2.2313,1.7488438
Hg2Pb(SBr)2,2.296,1.9168212
Mo9O26,0.4984,0.8410193
Mg15Ti,0.0,-0.0015420914
Sr2CrWO6,1.1375,2.308521
Li4Fe(WO4)3,2.2436,2.274566
Li3Co4SnO8,0.0892,0.56649584
LaFeCuNi3,0.0,0.03973747
BaLiPrTeO6,3.2392,3.4702537
CaBi2O5,0.903,1.0182416
KAlF4,6.9578,6.8097
Na2In2P4H6O17,3.8087,3.838665
Sb(PO3)4,1.6871,3.0135777
Y5Sn3,0.0,0.09731886
UH6C2O9,2.2221,1.7099977
VH7N2O5,2.5435,2.654931
CaAl2SiO6,4.596,4.562834
Sc(TiFe3)2,0.0,-0.04937476
YTi3F15,1.4202,4.086809
